"u","v","w","vtkValidPointMask","Point Coordinates:0","Point Coordinates:1","Point Coordinates:2","Time"
0,0,0,1,2,0.2,3.1225e-17,0
-0,0,0,1,2,0.2,3.1225e-17,0.011389
-0,0,0,1,2,0.2,3.1225e-17,0.022778
-0,0,0,1,2,0.2,3.1225e-17,0.034167
-0,0,0,1,2,0.2,3.1225e-17,0.045556
-0,0,0,1,2,0.2,3.1225e-17,0.056944
-3.237e-43,0,0,1,2,0.2,3.1225e-17,0.068333
1.2313e-39,0,0,1,2,0.2,3.1225e-17,0.079722
3.2223e-36,0,0,1,2,0.2,3.1225e-17,0.091111
3.8274e-34,0,0,1,2,0.2,3.1225e-17,0.1
1.2106e-33,0,0,1,2,0.2,3.1225e-17,0.10239
1.5857e-31,0,0,1,2,0.2,3.1225e-17,0.11378
9.2746e-30,0,0,1,2,0.2,3.1225e-17,0.12517
2.9275e-28,0,0,1,2,0.2,3.1225e-17,0.13656
5.6777e-27,0,0,1,2,0.2,3.1225e-17,0.14795
7.4337e-26,0,0,1,2,0.2,3.1225e-17,0.15934
7.0512e-25,0,0,1,2,0.2,3.1225e-17,0.17072
5.1163e-24,0,0,1,2,0.2,3.1225e-17,0.18211
2.9634e-23,0,0,1,2,0.2,3.1225e-17,0.1935
7.395e-23,0,0,1,2,0.2,3.1225e-17,0.2
1.3977e-22,0,0,1,2,0.2,3.1225e-17,0.20478
5.6836e-22,0,0,1,2,0.2,3.1225e-17,0.21617
2.0058e-21,0,0,1,2,0.2,3.1225e-17,0.22756
6.2588e-21,0,0,1,2,0.2,3.1225e-17,0.23895
1.7535e-20,0,0,1,2,0.2,3.1225e-17,0.25034
4.4683e-20,0,0,1,2,0.2,3.1225e-17,0.26173
1.047e-19,0,0,1,2,0.2,3.1225e-17,0.27312
2.2772e-19,0,0,1,2,0.2,3.1225e-17,0.28451
4.6336e-19,0,0,1,2,0.2,3.1225e-17,0.29589
5.8969e-19,0,0,1,2,0.2,3.1225e-17,0.3
8.829e-19,0,0,1,2,0.2,3.1225e-17,0.30717
1.6045e-18,0,0,1,2,0.2,3.1225e-17,0.31856
2.7772e-18,0,0,1,2,0.2,3.1225e-17,0.32995
4.5994e-18,0,0,1,2,0.2,3.1225e-17,0.34134
7.3172e-18,0,0,1,2,0.2,3.1225e-17,0.35273
1.1222e-17,0,0,1,2,0.2,3.1225e-17,0.36412
1.6641e-17,0,0,1,2,0.2,3.1225e-17,0.37551
2.3928e-17,0,0,1,2,0.2,3.1225e-17,0.3869
3.3443e-17,0,0,1,2,0.2,3.1225e-17,0.39829
3.5089e-17,0,0,1,2,0.2,3.1225e-17,0.4
4.5401e-17,0,0,1,2,0.2,3.1225e-17,0.40957
6.0337e-17,0,0,1,2,0.2,3.1225e-17,0.42096
7.8394e-17,0,0,1,2,0.2,3.1225e-17,0.43234
9.9726e-17,0,0,1,2,0.2,3.1225e-17,0.44373
1.2438e-16,0,0,1,2,0.2,3.1225e-17,0.45512
1.5227e-16,0,0,1,2,0.2,3.1225e-17,0.46651
1.8316e-16,0,0,1,2,0.2,3.1225e-17,0.4779
2.1665e-16,0,0,1,2,0.2,3.1225e-17,0.48929
2.5003e-16,0,0,1,2,0.2,3.1225e-17,0.5
2.5185e-16,0,0,1,2,0.2,3.1225e-17,0.50057
2.8869e-16,0,0,1,2,0.2,3.1225e-17,0.51196
3.2595e-16,0,0,1,2,0.2,3.1225e-17,0.52335
3.6257e-16,0,0,1,2,0.2,3.1225e-17,0.53474
3.9732e-16,0,0,1,2,0.2,3.1225e-17,0.54612
4.2883e-16,0,0,1,2,0.2,3.1225e-17,0.55751
4.556e-16,0,0,1,2,0.2,3.1225e-17,0.5689
4.7603e-16,0,0,1,2,0.2,3.1225e-17,0.58029
4.8839e-16,0,0,1,2,0.2,3.1225e-17,0.59168
4.9131e-16,0,0,1,2,0.2,3.1225e-17,0.6
4.9094e-16,0,0,1,2,0.2,3.1225e-17,0.60296
4.8188e-16,0,0,1,2,0.2,3.1225e-17,0.61435
4.5924e-16,0,0,1,2,0.2,3.1225e-17,0.62574
4.2109e-16,0,0,1,2,0.2,3.1225e-17,0.63713
3.6551e-16,0,0,1,2,0.2,3.1225e-17,0.64852
2.9056e-16,0,0,1,2,0.2,3.1225e-17,0.65991
1.9435e-16,0,0,1,2,0.2,3.1225e-17,0.67129
7.4983e-17,0,0,1,2,0.2,3.1225e-17,0.68268
-6.9354e-17,0,0,1,2,0.2,3.1225e-17,0.69407
-1.5495e-16,0,0,1,2,0.2,3.1225e-17,0.7
-2.3867e-16,0,0,1,2,0.2,3.1225e-17,0.70535
-4.3791e-16,0,0,1,2,0.2,3.1225e-17,0.71674
-6.672e-16,0,0,1,2,0.2,3.1225e-17,0.72813
-9.2805e-16,0,0,1,2,0.2,3.1225e-17,0.73952
-1.2219e-15,0,0,1,2,0.2,3.1225e-17,0.75091
-1.5501e-15,0,0,1,2,0.2,3.1225e-17,0.7623
-1.9139e-15,0,0,1,2,0.2,3.1225e-17,0.77369
-2.3143e-15,0,0,1,2,0.2,3.1225e-17,0.78507
-2.7525e-15,0,0,1,2,0.2,3.1225e-17,0.79646
-2.8963e-15,0,0,1,2,0.2,3.1225e-17,0.8
-3.2244e-15,0,0,1,2,0.2,3.1225e-17,0.80774
-3.74e-15,0,0,1,2,0.2,3.1225e-17,0.81913
-4.2955e-15,0,0,1,2,0.2,3.1225e-17,0.83052
-4.8915e-15,0,0,1,2,0.2,3.1225e-17,0.84191
-5.5283e-15,0,0,1,2,0.2,3.1225e-17,0.8533
-6.2062e-15,0,0,1,2,0.2,3.1225e-17,0.86469
-6.9253e-15,0,0,1,2,0.2,3.1225e-17,0.87608
-7.6857e-15,0,0,1,2,0.2,3.1225e-17,0.88747
-8.4872e-15,0,0,1,2,0.2,3.1225e-17,0.89886
-8.57e-15,0,0,1,2,0.2,3.1225e-17,0.9
-9.3215e-15,0,0,1,2,0.2,3.1225e-17,0.91014
-1.0204e-14,0,0,1,2,0.2,3.1225e-17,0.92153
-1.1127e-14,0,0,1,2,0.2,3.1225e-17,0.93291
-1.209e-14,0,0,1,2,0.2,3.1225e-17,0.9443
-1.3092e-14,0,0,1,2,0.2,3.1225e-17,0.95569
-1.4133e-14,0,0,1,2,0.2,3.1225e-17,0.96708
-1.5211e-14,0,0,1,2,0.2,3.1225e-17,0.97847
-1.6326e-14,0,0,1,2,0.2,3.1225e-17,0.98986
-1.735e-14,0,0,1,2,0.2,3.1225e-17,1
-1.7466e-14,0,0,1,2,0.2,3.1225e-17,1.0011
-1.8653e-14,0,0,1,2,0.2,3.1225e-17,1.0125
-1.9873e-14,0,0,1,2,0.2,3.1225e-17,1.0239
-2.1126e-14,0,0,1,2,0.2,3.1225e-17,1.0353
-2.2411e-14,0,0,1,2,0.2,3.1225e-17,1.0467
-2.3728e-14,0,0,1,2,0.2,3.1225e-17,1.0581
-2.5074e-14,0,0,1,2,0.2,3.1225e-17,1.0695
-2.6449e-14,0,0,1,2,0.2,3.1225e-17,1.0809
-2.7852e-14,0,0,1,2,0.2,3.1225e-17,1.0922
-2.8822e-14,0,0,1,2,0.2,3.1225e-17,1.1
-2.9268e-14,0,0,1,2,0.2,3.1225e-17,1.1035
-3.0723e-14,0,0,1,2,0.2,3.1225e-17,1.1149
-3.2202e-14,0,0,1,2,0.2,3.1225e-17,1.1263
-3.3705e-14,0,0,1,2,0.2,3.1225e-17,1.1377
-3.5231e-14,0,0,1,2,0.2,3.1225e-17,1.1491
-3.6779e-14,0,0,1,2,0.2,3.1225e-17,1.1605
-3.8347e-14,0,0,1,2,0.2,3.1225e-17,1.1719
-3.9936e-14,0,0,1,2,0.2,3.1225e-17,1.1833
-4.1544e-14,0,0,1,2,0.2,3.1225e-17,1.1946
-4.2307e-14,0,0,1,2,0.2,3.1225e-17,1.2
-4.3156e-14,0,0,1,2,0.2,3.1225e-17,1.2059
-4.4801e-14,0,0,1,2,0.2,3.1225e-17,1.2173
-4.6464e-14,0,0,1,2,0.2,3.1225e-17,1.2287
-4.8145e-14,0,0,1,2,0.2,3.1225e-17,1.2401
-4.9844e-14,0,0,1,2,0.2,3.1225e-17,1.2515
-5.1559e-14,0,0,1,2,0.2,3.1225e-17,1.2629
-5.3292e-14,0,0,1,2,0.2,3.1225e-17,1.2743
-5.5043e-14,0,0,1,2,0.2,3.1225e-17,1.2856
-5.6811e-14,0,0,1,2,0.2,3.1225e-17,1.297
-5.7275e-14,0,0,1,2,0.2,3.1225e-17,1.3
-5.8581e-14,0,0,1,2,0.2,3.1225e-17,1.3083
-6.0386e-14,0,0,1,2,0.2,3.1225e-17,1.3197
-6.221e-14,0,0,1,2,0.2,3.1225e-17,1.3311
-6.4055e-14,0,0,1,2,0.2,3.1225e-17,1.3425
-6.592e-14,0,0,1,2,0.2,3.1225e-17,1.3539
-6.7808e-14,0,0,1,2,0.2,3.1225e-17,1.3653
-6.9719e-14,0,0,1,2,0.2,3.1225e-17,1.3766
-7.1656e-14,0,0,1,2,0.2,3.1225e-17,1.388
-7.3618e-14,0,0,1,2,0.2,3.1225e-17,1.3994
-7.3718e-14,0,0,1,2,0.2,3.1225e-17,1.4
-7.559e-14,0,0,1,2,0.2,3.1225e-17,1.4107
-7.761e-14,0,0,1,2,0.2,3.1225e-17,1.4221
-7.9662e-14,0,0,1,2,0.2,3.1225e-17,1.4335
-8.1748e-14,0,0,1,2,0.2,3.1225e-17,1.4449
-8.3871e-14,0,0,1,2,0.2,3.1225e-17,1.4563
-8.6032e-14,0,0,1,2,0.2,3.1225e-17,1.4676
-8.8234e-14,0,0,1,2,0.2,3.1225e-17,1.479
-9.0481e-14,0,0,1,2,0.2,3.1225e-17,1.4904
-9.2405e-14,0,0,1,2,0.2,3.1225e-17,1.5
-9.2752e-14,0,0,1,2,0.2,3.1225e-17,1.5017
-9.5095e-14,0,0,1,2,0.2,3.1225e-17,1.5131
-9.7491e-14,0,0,1,2,0.2,3.1225e-17,1.5245
-9.9943e-14,0,0,1,2,0.2,3.1225e-17,1.5359
-1.0246e-13,0,0,1,2,0.2,3.1225e-17,1.5473
-1.0503e-13,0,0,1,2,0.2,3.1225e-17,1.5587
-1.0767e-13,0,0,1,2,0.2,3.1225e-17,1.57
-1.1039e-13,0,0,1,2,0.2,3.1225e-17,1.5814
-1.1317e-13,0,0,1,2,0.2,3.1225e-17,1.5928
-1.1497e-13,0,0,1,2,0.2,3.1225e-17,1.6
-1.1601e-13,0,0,1,2,0.2,3.1225e-17,1.6041
-1.1896e-13,0,0,1,2,0.2,3.1225e-17,1.6155
-1.22e-13,0,0,1,2,0.2,3.1225e-17,1.6269
-1.2512e-13,0,0,1,2,0.2,3.1225e-17,1.6383
-1.2835e-13,0,0,1,2,0.2,3.1225e-17,1.6497
-1.3167e-13,0,0,1,2,0.2,3.1225e-17,1.661
-1.351e-13,0,0,1,2,0.2,3.1225e-17,1.6724
-1.3864e-13,0,0,1,2,0.2,3.1225e-17,1.6838
-1.4229e-13,0,0,1,2,0.2,3.1225e-17,1.6952
-1.4386e-13,0,0,1,2,0.2,3.1225e-17,1.7
-1.4603e-13,0,0,1,2,0.2,3.1225e-17,1.7065
-1.4992e-13,0,0,1,2,0.2,3.1225e-17,1.7179
-1.5395e-13,0,0,1,2,0.2,3.1225e-17,1.7293
-1.5811e-13,0,0,1,2,0.2,3.1225e-17,1.7407
-1.6241e-13,0,0,1,2,0.2,3.1225e-17,1.752
-1.6685e-13,0,0,1,2,0.2,3.1225e-17,1.7634
-1.7145e-13,0,0,1,2,0.2,3.1225e-17,1.7748
-1.762e-13,0,0,1,2,0.2,3.1225e-17,1.7862
-1.8111e-13,0,0,1,2,0.2,3.1225e-17,1.7976
-1.8217e-13,0,0,1,2,0.2,3.1225e-17,1.8
-1.8614e-13,0,0,1,2,0.2,3.1225e-17,1.8089
-1.9139e-13,0,0,1,2,0.2,3.1225e-17,1.8203
-1.9681e-13,0,0,1,2,0.2,3.1225e-17,1.8317
-2.0242e-13,0,0,1,2,0.2,3.1225e-17,1.8431
-2.0821e-13,0,0,1,2,0.2,3.1225e-17,1.8544
-2.142e-13,0,0,1,2,0.2,3.1225e-17,1.8658
-2.2038e-13,0,0,1,2,0.2,3.1225e-17,1.8772
-2.2677e-13,0,0,1,2,0.2,3.1225e-17,1.8886
-2.3337e-13,0,0,1,2,0.2,3.1225e-17,1.9
-2.3337e-13,0,0,1,2,0.2,3.1225e-17,1.9
-2.4011e-13,0,0,1,2,0.2,3.1225e-17,1.9113
-2.4714e-13,0,0,1,2,0.2,3.1225e-17,1.9227
-2.544e-13,0,0,1,2,0.2,3.1225e-17,1.9341
-2.6189e-13,0,0,1,2,0.2,3.1225e-17,1.9454
-2.6961e-13,0,0,1,2,0.2,3.1225e-17,1.9568
-2.7757e-13,0,0,1,2,0.2,3.1225e-17,1.9682
-2.8578e-13,0,0,1,2,0.2,3.1225e-17,1.9796
-2.9423e-13,0,0,1,2,0.2,3.1225e-17,1.991
-3.011e-13,0,0,1,2,0.2,3.1225e-17,2
-3.0286e-13,0,0,1,2,0.2,3.1225e-17,2.0023
-3.1184e-13,0,0,1,2,0.2,3.1225e-17,2.0137
-3.2108e-13,0,0,1,2,0.2,3.1225e-17,2.0251
-3.3059e-13,0,0,1,2,0.2,3.1225e-17,2.0364
-3.4037e-13,0,0,1,2,0.2,3.1225e-17,2.0478
-3.5044e-13,0,0,1,2,0.2,3.1225e-17,2.0592
-3.6079e-13,0,0,1,2,0.2,3.1225e-17,2.0706
-3.7143e-13,0,0,1,2,0.2,3.1225e-17,2.082
-3.8236e-13,0,0,1,2,0.2,3.1225e-17,2.0934
-3.8885e-13,0,0,1,2,0.2,3.1225e-17,2.1
-3.9349e-13,0,0,1,2,0.2,3.1225e-17,2.1047
-4.0502e-13,0,0,1,2,0.2,3.1225e-17,2.1161
-4.1686e-13,0,0,1,2,0.2,3.1225e-17,2.1274
-4.2901e-13,0,0,1,2,0.2,3.1225e-17,2.1388
-4.4147e-13,0,0,1,2,0.2,3.1225e-17,2.1502
-4.5426e-13,0,0,1,2,0.2,3.1225e-17,2.1616
-4.6736e-13,0,0,1,2,0.2,3.1225e-17,2.173
-4.8079e-13,0,0,1,2,0.2,3.1225e-17,2.1844
-4.9456e-13,0,0,1,2,0.2,3.1225e-17,2.1958
-4.9974e-13,0,0,1,2,0.2,3.1225e-17,2.2
-5.0852e-13,0,0,1,2,0.2,3.1225e-17,2.2071
-5.2295e-13,0,0,1,2,0.2,3.1225e-17,2.2184
-5.3772e-13,0,0,1,2,0.2,3.1225e-17,2.2298
-5.5283e-13,0,0,1,2,0.2,3.1225e-17,2.2412
-5.6829e-13,0,0,1,2,0.2,3.1225e-17,2.2526
-5.841e-13,0,0,1,2,0.2,3.1225e-17,2.264
-6.0026e-13,0,0,1,2,0.2,3.1225e-17,2.2754
-6.1677e-13,0,0,1,2,0.2,3.1225e-17,2.2868
-6.3364e-13,0,0,1,2,0.2,3.1225e-17,2.2982
-6.3638e-13,0,0,1,2,0.2,3.1225e-17,2.3
-6.5071e-13,0,0,1,2,0.2,3.1225e-17,2.3095
-6.683e-13,0,0,1,2,0.2,3.1225e-17,2.3208
-6.8625e-13,0,0,1,2,0.2,3.1225e-17,2.3322
-7.0457e-13,0,0,1,2,0.2,3.1225e-17,2.3436
-7.2326e-13,0,0,1,2,0.2,3.1225e-17,2.355
-7.4232e-13,0,0,1,2,0.2,3.1225e-17,2.3664
-7.6174e-13,0,0,1,2,0.2,3.1225e-17,2.3778
-7.8155e-13,0,0,1,2,0.2,3.1225e-17,2.3892
-8.0072e-13,0,0,1,2,0.2,3.1225e-17,2.4
-8.0153e-13,0,0,1,2,0.2,3.1225e-17,2.4005
-8.2208e-13,0,0,1,2,0.2,3.1225e-17,2.4118
-8.4301e-13,0,0,1,2,0.2,3.1225e-17,2.4232
-8.6431e-13,0,0,1,2,0.2,3.1225e-17,2.4346
-8.86e-13,0,0,1,2,0.2,3.1225e-17,2.446
-9.0806e-13,0,0,1,2,0.2,3.1225e-17,2.4574
-9.3051e-13,0,0,1,2,0.2,3.1225e-17,2.4688
-9.5334e-13,0,0,1,2,0.2,3.1225e-17,2.4802
-9.7654e-13,0,0,1,2,0.2,3.1225e-17,2.4916
-9.9398e-13,0,0,1,2,0.2,3.1225e-17,2.5
-9.9991e-13,0,0,1,2,0.2,3.1225e-17,2.5028
-1.0239e-12,0,0,1,2,0.2,3.1225e-17,2.5142
-1.0482e-12,0,0,1,2,0.2,3.1225e-17,2.5256
-1.073e-12,0,0,1,2,0.2,3.1225e-17,2.537
-1.0981e-12,0,0,1,2,0.2,3.1225e-17,2.5484
-1.1236e-12,0,0,1,2,0.2,3.1225e-17,2.5598
-1.1495e-12,0,0,1,2,0.2,3.1225e-17,2.5712
-1.1757e-12,0,0,1,2,0.2,3.1225e-17,2.5826
-1.2024e-12,0,0,1,2,0.2,3.1225e-17,2.594
-1.2167e-12,0,0,1,2,0.2,3.1225e-17,2.6
-1.2292e-12,0,0,1,2,0.2,3.1225e-17,2.6052
-1.2566e-12,0,0,1,2,0.2,3.1225e-17,2.6166
-1.2844e-12,0,0,1,2,0.2,3.1225e-17,2.628
-1.3125e-12,0,0,1,2,0.2,3.1225e-17,2.6394
-1.3411e-12,0,0,1,2,0.2,3.1225e-17,2.6508
-1.37e-12,0,0,1,2,0.2,3.1225e-17,2.6622
-1.3993e-12,0,0,1,2,0.2,3.1225e-17,2.6736
-1.4289e-12,0,0,1,2,0.2,3.1225e-17,2.685
-1.459e-12,0,0,1,2,0.2,3.1225e-17,2.6963
-1.4687e-12,0,0,1,2,0.2,3.1225e-17,2.7
-1.4891e-12,0,0,1,2,0.2,3.1225e-17,2.7076
-1.5199e-12,0,0,1,2,0.2,3.1225e-17,2.719
-1.551e-12,0,0,1,2,0.2,3.1225e-17,2.7304
-1.5825e-12,0,0,1,2,0.2,3.1225e-17,2.7418
-1.6144e-12,0,0,1,2,0.2,3.1225e-17,2.7532
-1.6466e-12,0,0,1,2,0.2,3.1225e-17,2.7646
-1.6792e-12,0,0,1,2,0.2,3.1225e-17,2.776
-1.7122e-12,0,0,1,2,0.2,3.1225e-17,2.7874
-1.7455e-12,0,0,1,2,0.2,3.1225e-17,2.7987
-1.7492e-12,0,0,1,2,0.2,3.1225e-17,2.8
-1.7788e-12,0,0,1,2,0.2,3.1225e-17,2.81
-1.8129e-12,0,0,1,2,0.2,3.1225e-17,2.8214
-1.8472e-12,0,0,1,2,0.2,3.1225e-17,2.8328
-1.8819e-12,0,0,1,2,0.2,3.1225e-17,2.8442
-1.917e-12,0,0,1,2,0.2,3.1225e-17,2.8556
-1.9524e-12,0,0,1,2,0.2,3.1225e-17,2.867
-1.9881e-12,0,0,1,2,0.2,3.1225e-17,2.8784
-2.0242e-12,0,0,1,2,0.2,3.1225e-17,2.8897
-2.0569e-12,0,0,1,2,0.2,3.1225e-17,2.9
-2.0602e-12,0,0,1,2,0.2,3.1225e-17,2.901
-2.0969e-12,0,0,1,2,0.2,3.1225e-17,2.9124
-2.1338e-12,0,0,1,2,0.2,3.1225e-17,2.9238
-2.1705e-12,0,0,1,2,0.2,3.1225e-17,2.9352
-2.2058e-12,0,0,1,2,0.2,3.1225e-17,2.9466
-2.2352e-12,0,0,1,2,0.2,3.1225e-17,2.958
-2.2433e-12,0,0,1,2,0.2,3.1225e-17,2.9694
-2.1791e-12,0,0,1,2,0.2,3.1225e-17,2.9807
-1.8824e-12,0,0,1,2,0.2,3.1225e-17,2.9921
-1.324e-12,0,0,1,2,0.2,3.1225e-17,3
-9.0895e-13,0,0,1,2,0.2,3.1225e-17,3.0034
1.9332e-12,0,0,1,2,0.2,3.1225e-17,3.0148
9.3346e-12,0,0,1,2,0.2,3.1225e-17,3.0262
2.6715e-11,0,0,1,2,0.2,3.1225e-17,3.0376
6.3671e-11,0,0,1,2,0.2,3.1225e-17,3.049
1.3528e-10,0,0,1,2,0.2,3.1225e-17,3.0604
2.6277e-10,0,0,1,2,0.2,3.1225e-17,3.0718
4.7326e-10,0,0,1,2,0.2,3.1225e-17,3.0831
7.9841e-10,0,0,1,2,0.2,3.1225e-17,3.0945
1.0054e-09,0,0,1,2,0.2,3.1225e-17,3.1
1.267e-09,0,0,1,2,0.2,3.1225e-17,3.1058
1.9219e-09,0,0,1,2,0.2,3.1225e-17,3.1172
2.7907e-09,0,0,1,2,0.2,3.1225e-17,3.1286
3.9004e-09,0,0,1,2,0.2,3.1225e-17,3.14
5.2716e-09,0,0,1,2,0.2,3.1225e-17,3.1514
6.9176e-09,0,0,1,2,0.2,3.1225e-17,3.1628
8.8444e-09,0,0,1,2,0.2,3.1225e-17,3.1741
1.1051e-08,0,0,1,2,0.2,3.1225e-17,3.1855
1.3529e-08,0,0,1,2,0.2,3.1225e-17,3.1969
1.4244e-08,0,0,1,2,0.2,3.1225e-17,3.2
1.6238e-08,0,0,1,2,0.2,3.1225e-17,3.2082
1.9213e-08,0,0,1,2,0.2,3.1225e-17,3.2196
2.2406e-08,0,0,1,2,0.2,3.1225e-17,3.231
2.5794e-08,0,0,1,2,0.2,3.1225e-17,3.2424
2.935e-08,0,0,1,2,0.2,3.1225e-17,3.2538
3.3049e-08,0,0,1,2,0.2,3.1225e-17,3.2651
3.6864e-08,0,0,1,2,0.2,3.1225e-17,3.2765
4.0769e-08,0,0,1,2,0.2,3.1225e-17,3.2879
4.4738e-08,0,0,1,2,0.2,3.1225e-17,3.2993
4.498e-08,0,0,1,2,0.2,3.1225e-17,3.3
4.8711e-08,0,0,1,2,0.2,3.1225e-17,3.3106
5.2738e-08,0,0,1,2,0.2,3.1225e-17,3.322
5.6758e-08,0,0,1,2,0.2,3.1225e-17,3.3334
6.0742e-08,0,0,1,2,0.2,3.1225e-17,3.3448
6.4652e-08,0,0,1,2,0.2,3.1225e-17,3.3561
6.8439e-08,0,0,1,2,0.2,3.1225e-17,3.3675
7.2039e-08,0,0,1,2,0.2,3.1225e-17,3.3789
7.5372e-08,0,0,1,2,0.2,3.1225e-17,3.3903
7.793e-08,0,0,1,2,0.2,3.1225e-17,3.4
7.8323e-08,0,0,1,2,0.2,3.1225e-17,3.4016
8.0855e-08,0,0,1,2,0.2,3.1225e-17,3.413
8.2847e-08,0,0,1,2,0.2,3.1225e-17,3.4244
8.422e-08,0,0,1,2,0.2,3.1225e-17,3.4358
8.4909e-08,0,0,1,2,0.2,3.1225e-17,3.4472
8.487e-08,0,0,1,2,0.2,3.1225e-17,3.4585
8.4076e-08,0,0,1,2,0.2,3.1225e-17,3.4699
8.252e-08,0,0,1,2,0.2,3.1225e-17,3.4813
8.0201e-08,0,0,1,2,0.2,3.1225e-17,3.4927
7.8319e-08,0,0,1,2,0.2,3.1225e-17,3.5
7.716e-08,0,0,1,2,0.2,3.1225e-17,3.504
7.3349e-08,0,0,1,2,0.2,3.1225e-17,3.5154
6.8799e-08,0,0,1,2,0.2,3.1225e-17,3.5268
6.351e-08,0,0,1,2,0.2,3.1225e-17,3.5382
5.748e-08,0,0,1,2,0.2,3.1225e-17,3.5495
5.0696e-08,0,0,1,2,0.2,3.1225e-17,3.5609
4.3145e-08,0,0,1,2,0.2,3.1225e-17,3.5723
3.4811e-08,0,0,1,2,0.2,3.1225e-17,3.5837
2.5678e-08,0,0,1,2,0.2,3.1225e-17,3.5951
2.1497e-08,0,0,1,2,0.2,3.1225e-17,3.6
1.5831e-08,0,0,1,2,0.2,3.1225e-17,3.6064
5.0742e-09,0,0,1,2,0.2,3.1225e-17,3.6178
-6.504e-09,0,0,1,2,0.2,3.1225e-17,3.6292
-1.8897e-08,0,0,1,2,0.2,3.1225e-17,3.6405
-3.2092e-08,0,0,1,2,0.2,3.1225e-17,3.6519
-4.6067e-08,0,0,1,2,0.2,3.1225e-17,3.6633
-6.079e-08,0,0,1,2,0.2,3.1225e-17,3.6747
-7.6225e-08,0,0,1,2,0.2,3.1225e-17,3.6861
-9.2329e-08,0,0,1,2,0.2,3.1225e-17,3.6975
-9.5964e-08,0,0,1,2,0.2,3.1225e-17,3.7
-1.0889e-07,0,0,1,2,0.2,3.1225e-17,3.7088
-1.2617e-07,0,0,1,2,0.2,3.1225e-17,3.7202
-1.4395e-07,0,0,1,2,0.2,3.1225e-17,3.7315
-1.6218e-07,0,0,1,2,0.2,3.1225e-17,3.7429
-1.8078e-07,0,0,1,2,0.2,3.1225e-17,3.7543
-1.9971e-07,0,0,1,2,0.2,3.1225e-17,3.7657
-2.1889e-07,0,0,1,2,0.2,3.1225e-17,3.7771
-2.3825e-07,0,0,1,2,0.2,3.1225e-17,3.7885
-2.5774e-07,0,0,1,2,0.2,3.1225e-17,3.7999
-2.5795e-07,0,0,1,2,0.2,3.1225e-17,3.8
-2.7712e-07,0,0,1,2,0.2,3.1225e-17,3.8112
-2.9668e-07,0,0,1,2,0.2,3.1225e-17,3.8226
-3.1619e-07,0,0,1,2,0.2,3.1225e-17,3.8339
-3.3561e-07,0,0,1,2,0.2,3.1225e-17,3.8453
-3.5487e-07,0,0,1,2,0.2,3.1225e-17,3.8567
-3.7392e-07,0,0,1,2,0.2,3.1225e-17,3.8681
-3.9273e-07,0,0,1,2,0.2,3.1225e-17,3.8795
-4.1125e-07,0,0,1,2,0.2,3.1225e-17,3.8909
-4.2585e-07,0,0,1,2,0.2,3.1225e-17,3.9
-4.2928e-07,0,0,1,2,0.2,3.1225e-17,3.9022
-4.4712e-07,0,0,1,2,0.2,3.1225e-17,3.9136
-4.6456e-07,0,0,1,2,0.2,3.1225e-17,3.9249
-4.8158e-07,0,0,1,2,0.2,3.1225e-17,3.9363
-4.9815e-07,0,0,1,2,0.2,3.1225e-17,3.9477
-5.1425e-07,0,0,1,2,0.2,3.1225e-17,3.9591
-5.2985e-07,0,0,1,2,0.2,3.1225e-17,3.9705
-5.4494e-07,0,0,1,2,0.2,3.1225e-17,3.9819
-5.595e-07,0,0,1,2,0.2,3.1225e-17,3.9933
-5.6785e-07,0,0,1,2,0.2,3.1225e-17,4
-5.7339e-07,0,0,1,2,0.2,3.1225e-17,4.0046
-5.8686e-07,0,0,1,2,0.2,3.1225e-17,4.0159
-5.9976e-07,0,0,1,2,0.2,3.1225e-17,4.0273
-6.1209e-07,0,0,1,2,0.2,3.1225e-17,4.0387
-6.2385e-07,0,0,1,2,0.2,3.1225e-17,4.0501
-6.3502e-07,0,0,1,2,0.2,3.1225e-17,4.0615
-6.4559e-07,0,0,1,2,0.2,3.1225e-17,4.0729
-6.5559e-07,0,0,1,2,0.2,3.1225e-17,4.0843
-6.65e-07,0,0,1,2,0.2,3.1225e-17,4.0957
-6.6843e-07,0,0,1,2,0.2,3.1225e-17,4.1
-6.7373e-07,0,0,1,2,0.2,3.1225e-17,4.1069
-6.8197e-07,0,0,1,2,0.2,3.1225e-17,4.1183
-6.8964e-07,0,0,1,2,0.2,3.1225e-17,4.1297
-6.9671e-07,0,0,1,2,0.2,3.1225e-17,4.1411
-7.032e-07,0,0,1,2,0.2,3.1225e-17,4.1525
-7.0915e-07,0,0,1,2,0.2,3.1225e-17,4.1639
-7.1454e-07,0,0,1,2,0.2,3.1225e-17,4.1753
-7.1933e-07,0,0,1,2,0.2,3.1225e-17,4.1867
-7.2362e-07,0,0,1,2,0.2,3.1225e-17,4.1981
-7.243e-07,0,0,1,2,0.2,3.1225e-17,4.2
-7.2735e-07,0,0,1,2,0.2,3.1225e-17,4.2093
-7.3053e-07,0,0,1,2,0.2,3.1225e-17,4.2207
-7.3321e-07,0,0,1,2,0.2,3.1225e-17,4.2321
-7.3545e-07,0,0,1,2,0.2,3.1225e-17,4.2435
-7.3713e-07,0,0,1,2,0.2,3.1225e-17,4.2549
-7.3827e-07,0,0,1,2,0.2,3.1225e-17,4.2663
-7.3905e-07,0,0,1,2,0.2,3.1225e-17,4.2777
-7.3934e-07,0,0,1,2,0.2,3.1225e-17,4.2891
-7.3908e-07,0,0,1,2,0.2,3.1225e-17,4.3
-7.3906e-07,0,0,1,2,0.2,3.1225e-17,4.3003
-7.3843e-07,0,0,1,2,0.2,3.1225e-17,4.3117
-7.3746e-07,0,0,1,2,0.2,3.1225e-17,4.3231
-7.3591e-07,0,0,1,2,0.2,3.1225e-17,4.3345
-7.3394e-07,0,0,1,2,0.2,3.1225e-17,4.3459
-7.3177e-07,0,0,1,2,0.2,3.1225e-17,4.3573
-7.2912e-07,0,0,1,2,0.2,3.1225e-17,4.3687
-7.2593e-07,0,0,1,2,0.2,3.1225e-17,4.3801
-7.226e-07,0,0,1,2,0.2,3.1225e-17,4.3915
-7.1995e-07,0,0,1,2,0.2,3.1225e-17,4.4
-7.1903e-07,0,0,1,2,0.2,3.1225e-17,4.4027
-7.1482e-07,0,0,1,2,0.2,3.1225e-17,4.4141
-7.1034e-07,0,0,1,2,0.2,3.1225e-17,4.4255
-7.0586e-07,0,0,1,2,0.2,3.1225e-17,4.4369
-7.0085e-07,0,0,1,2,0.2,3.1225e-17,4.4483
-6.9533e-07,0,0,1,2,0.2,3.1225e-17,4.4597
-6.8993e-07,0,0,1,2,0.2,3.1225e-17,4.4711
-6.8434e-07,0,0,1,2,0.2,3.1225e-17,4.4825
-6.7801e-07,0,0,1,2,0.2,3.1225e-17,4.4938
-6.7452e-07,0,0,1,2,0.2,3.1225e-17,4.5
-6.717e-07,0,0,1,2,0.2,3.1225e-17,4.5051
-6.6557e-07,0,0,1,2,0.2,3.1225e-17,4.5165
-6.5878e-07,0,0,1,2,0.2,3.1225e-17,4.5279
-6.5149e-07,0,0,1,2,0.2,3.1225e-17,4.5393
-6.4468e-07,0,0,1,2,0.2,3.1225e-17,4.5507
-6.3771e-07,0,0,1,2,0.2,3.1225e-17,4.5621
-6.298e-07,0,0,1,2,0.2,3.1225e-17,4.5735
-6.2211e-07,0,0,1,2,0.2,3.1225e-17,4.5848
-6.1498e-07,0,0,1,2,0.2,3.1225e-17,4.5962
-6.1247e-07,0,0,1,2,0.2,3.1225e-17,4.6
-6.0702e-07,0,0,1,2,0.2,3.1225e-17,4.6075
-5.9846e-07,0,0,1,2,0.2,3.1225e-17,4.6189
-5.9086e-07,0,0,1,2,0.2,3.1225e-17,4.6303
-5.8308e-07,0,0,1,2,0.2,3.1225e-17,4.6417
-5.7408e-07,0,0,1,2,0.2,3.1225e-17,4.6531
-5.6561e-07,0,0,1,2,0.2,3.1225e-17,4.6645
-5.5803e-07,0,0,1,2,0.2,3.1225e-17,4.6758
-5.4925e-07,0,0,1,2,0.2,3.1225e-17,4.6872
-5.3991e-07,0,0,1,2,0.2,3.1225e-17,4.6986
-5.3886e-07,0,0,1,2,0.2,3.1225e-17,4.7
-5.3196e-07,0,0,1,2,0.2,3.1225e-17,4.7099
-5.2361e-07,0,0,1,2,0.2,3.1225e-17,4.7213
-5.1296e-07,0,0,1,2,0.2,3.1225e-17,4.7327
-5.0049e-07,0,0,1,2,0.2,3.1225e-17,4.7441
-4.8136e-07,0,0,1,2,0.2,3.1225e-17,4.7555
-4.3853e-07,0,0,1,2,0.2,3.1225e-17,4.7669
-3.3768e-07,0,0,1,2,0.2,3.1225e-17,4.7782
-1.0931e-07,0,0,1,2,0.2,3.1225e-17,4.7896
3.1617e-07,0,0,1,2,0.2,3.1225e-17,4.8
3.6805e-07,0,0,1,2,0.2,3.1225e-17,4.8009
1.2906e-06,0,0,1,2,0.2,3.1225e-17,4.8123
2.8829e-06,0,0,1,2,0.2,3.1225e-17,4.8237
5.3726e-06,0,0,1,2,0.2,3.1225e-17,4.8351
8.9366e-06,0,0,1,2,0.2,3.1225e-17,4.8465
1.3679e-05,0,0,1,2,0.2,3.1225e-17,4.8579
1.9659e-05,0,0,1,2,0.2,3.1225e-17,4.8692
2.6924e-05,0,0,1,2,0.2,3.1225e-17,4.8806
3.5482e-05,0,0,1,2,0.2,3.1225e-17,4.892
4.2214e-05,0,0,1,2,0.2,3.1225e-17,4.9
4.5169e-05,0,0,1,2,0.2,3.1225e-17,4.9033
5.6055e-05,0,0,1,2,0.2,3.1225e-17,4.9147
6.7943e-05,0,0,1,2,0.2,3.1225e-17,4.9261
8.076e-05,0,0,1,2,0.2,3.1225e-17,4.9375
9.4466e-05,0,0,1,2,0.2,3.1225e-17,4.9489
0.00010903,0,0,1,2,0.2,3.1225e-17,4.9602
0.0001244,0,0,1,2,0.2,3.1225e-17,4.9716
0.00014049,0,0,1,2,0.2,3.1225e-17,4.983
0.00015721,0,0,1,2,0.2,3.1225e-17,4.9944
0.00016563,0,0,1,2,0.2,3.1225e-17,5
0.00017433,0,0,1,2,0.2,3.1225e-17,5.0057
0.00019212,0,0,1,2,0.2,3.1225e-17,5.0171
0.00021038,0,0,1,2,0.2,3.1225e-17,5.0285
0.00022909,0,0,1,2,0.2,3.1225e-17,5.0399
0.00024821,0,0,1,2,0.2,3.1225e-17,5.0512
0.00026774,0,0,1,2,0.2,3.1225e-17,5.0626
0.00028762,0,0,1,2,0.2,3.1225e-17,5.074
0.00030784,0,0,1,2,0.2,3.1225e-17,5.0854
0.00032836,0,0,1,2,0.2,3.1225e-17,5.0968
0.00033416,0,0,1,2,0.2,3.1225e-17,5.1
0.00034895,0,0,1,2,0.2,3.1225e-17,5.1081
0.00037,0,0,1,2,0.2,3.1225e-17,5.1195
0.00039127,0,0,1,2,0.2,3.1225e-17,5.1309
0.00041275,0,0,1,2,0.2,3.1225e-17,5.1423
0.00043443,0,0,1,2,0.2,3.1225e-17,5.1536
0.00045628,0,0,1,2,0.2,3.1225e-17,5.165
0.0004783,0,0,1,2,0.2,3.1225e-17,5.1764
0.00050047,0,0,1,2,0.2,3.1225e-17,5.1878
0.00052278,0,0,1,2,0.2,3.1225e-17,5.1992
0.00052436,0,0,1,2,0.2,3.1225e-17,5.2
0.00054499,0,0,1,2,0.2,3.1225e-17,5.2105
0.00056753,0,0,1,2,0.2,3.1225e-17,5.2219
0.00059015,0,0,1,2,0.2,3.1225e-17,5.2333
0.00061286,0,0,1,2,0.2,3.1225e-17,5.2446
0.00063563,0,0,1,2,0.2,3.1225e-17,5.256
0.00065846,0,0,1,2,0.2,3.1225e-17,5.2674
0.00068133,0,0,1,2,0.2,3.1225e-17,5.2788
0.00070423,0,0,1,2,0.2,3.1225e-17,5.2902
0.00072395,0,0,1,2,0.2,3.1225e-17,5.3
0.00072693,0,0,1,2,0.2,3.1225e-17,5.3015
0.00074987,0,0,1,2,0.2,3.1225e-17,5.3129
0.0007728,0,0,1,2,0.2,3.1225e-17,5.3243
0.00079572,0,0,1,2,0.2,3.1225e-17,5.3356
0.00081862,0,0,1,2,0.2,3.1225e-17,5.347
0.00084149,0,0,1,2,0.2,3.1225e-17,5.3584
0.00086432,0,0,1,2,0.2,3.1225e-17,5.3698
0.0008871,0,0,1,2,0.2,3.1225e-17,5.3812
0.00090982,0,0,1,2,0.2,3.1225e-17,5.3926
0.00092457,0,0,1,2,0.2,3.1225e-17,5.4
0.00093227,0,0,1,2,0.2,3.1225e-17,5.4039
0.00095485,0,0,1,2,0.2,3.1225e-17,5.4153
0.00097736,0,0,1,2,0.2,3.1225e-17,5.4267
0.00099978,0,0,1,2,0.2,3.1225e-17,5.438
0.0010221,0,0,1,2,0.2,3.1225e-17,5.4494
0.0010443,0,0,1,2,0.2,3.1225e-17,5.4608
0.0010664,0,0,1,2,0.2,3.1225e-17,5.4722
0.0010885,0,0,1,2,0.2,3.1225e-17,5.4836
0.0011104,0,0,1,2,0.2,3.1225e-17,5.495
0.00112,0,0,1,2,0.2,3.1225e-17,5.5
0.0011319,0,0,1,2,0.2,3.1225e-17,5.5063
0.0011536,0,0,1,2,0.2,3.1225e-17,5.5177
0.0011751,0,0,1,2,0.2,3.1225e-17,5.529
0.0011966,0,0,1,2,0.2,3.1225e-17,5.5404
0.0012179,0,0,1,2,0.2,3.1225e-17,5.5518
0.001239,0,0,1,2,0.2,3.1225e-17,5.5632
0.0012601,0,0,1,2,0.2,3.1225e-17,5.5746
0.0012811,0,0,1,2,0.2,3.1225e-17,5.586
0.0013019,0,0,1,2,0.2,3.1225e-17,5.5974
0.0013067,0,0,1,2,0.2,3.1225e-17,5.6
0.0013224,0,0,1,2,0.2,3.1225e-17,5.6087
0.0013431,0,0,1,2,0.2,3.1225e-17,5.62
0.0013636,0,0,1,2,0.2,3.1225e-17,5.6314
0.001384,0,0,1,2,0.2,3.1225e-17,5.6428
0.0014044,0,0,1,2,0.2,3.1225e-17,5.6542
0.0014247,0,0,1,2,0.2,3.1225e-17,5.6656
0.001445,0,0,1,2,0.2,3.1225e-17,5.677
0.0014653,0,0,1,2,0.2,3.1225e-17,5.6884
0.0014855,0,0,1,2,0.2,3.1225e-17,5.6998
0.0014859,0,0,1,2,0.2,3.1225e-17,5.7
0.0015055,0,0,1,2,0.2,3.1225e-17,5.711
0.0015257,0,0,1,2,0.2,3.1225e-17,5.7224
0.001546,0,0,1,2,0.2,3.1225e-17,5.7338
0.0015663,0,0,1,2,0.2,3.1225e-17,5.7452
0.0015868,0,0,1,2,0.2,3.1225e-17,5.7566
0.0016073,0,0,1,2,0.2,3.1225e-17,5.768
0.001628,0,0,1,2,0.2,3.1225e-17,5.7794
0.0016488,0,0,1,2,0.2,3.1225e-17,5.7908
0.0016659,0,0,1,2,0.2,3.1225e-17,5.8
0.0016697,0,0,1,2,0.2,3.1225e-17,5.8021
0.001691,0,0,1,2,0.2,3.1225e-17,5.8134
0.0017125,0,0,1,2,0.2,3.1225e-17,5.8248
0.0017343,0,0,1,2,0.2,3.1225e-17,5.8362
0.0017565,0,0,1,2,0.2,3.1225e-17,5.8476
0.0017791,0,0,1,2,0.2,3.1225e-17,5.859
0.0018021,0,0,1,2,0.2,3.1225e-17,5.8704
0.0018255,0,0,1,2,0.2,3.1225e-17,5.8818
0.0018494,0,0,1,2,0.2,3.1225e-17,5.8932
0.0018641,0,0,1,2,0.2,3.1225e-17,5.9
0.0018737,0,0,1,2,0.2,3.1225e-17,5.9044
0.0018988,0,0,1,2,0.2,3.1225e-17,5.9158
0.0019245,0,0,1,2,0.2,3.1225e-17,5.9272
0.001951,0,0,1,2,0.2,3.1225e-17,5.9386
0.0019781,0,0,1,2,0.2,3.1225e-17,5.95
0.0020061,0,0,1,2,0.2,3.1225e-17,5.9614
0.0020349,0,0,1,2,0.2,3.1225e-17,5.9728
0.0020647,0,0,1,2,0.2,3.1225e-17,5.9842
0.0020954,0,0,1,2,0.2,3.1225e-17,5.9956
0.0021076,0,0,1,2,0.2,3.1225e-17,6
0.0021267,0,0,1,2,0.2,3.1225e-17,6.0068
0.0021595,0,0,1,2,0.2,3.1225e-17,6.0182
0.0021934,0,0,1,2,0.2,3.1225e-17,6.0296
0.0022285,0,0,1,2,0.2,3.1225e-17,6.041
0.0022648,0,0,1,2,0.2,3.1225e-17,6.0524
0.0023025,0,0,1,2,0.2,3.1225e-17,6.0638
0.0023415,0,0,1,2,0.2,3.1225e-17,6.0752
0.0023819,0,0,1,2,0.2,3.1225e-17,6.0866
0.0024238,0,0,1,2,0.2,3.1225e-17,6.0979
0.0024316,0,0,1,2,0.2,3.1225e-17,6.1
0.0024669,0,0,1,2,0.2,3.1225e-17,6.1092
0.0025119,0,0,1,2,0.2,3.1225e-17,6.1206
0.0025587,0,0,1,2,0.2,3.1225e-17,6.132
0.0026071,0,0,1,2,0.2,3.1225e-17,6.1434
0.0026574,0,0,1,2,0.2,3.1225e-17,6.1548
0.0027095,0,0,1,2,0.2,3.1225e-17,6.1662
0.0027635,0,0,1,2,0.2,3.1225e-17,6.1776
0.0028195,0,0,1,2,0.2,3.1225e-17,6.1889
0.0028757,0,0,1,2,0.2,3.1225e-17,6.2
0.0028769,0,0,1,2,0.2,3.1225e-17,6.2002
0.002937,0,0,1,2,0.2,3.1225e-17,6.2116
0.0029992,0,0,1,2,0.2,3.1225e-17,6.223
0.0030636,0,0,1,2,0.2,3.1225e-17,6.2344
0.0031303,0,0,1,2,0.2,3.1225e-17,6.2458
0.0031993,0,0,1,2,0.2,3.1225e-17,6.2572
0.0032706,0,0,1,2,0.2,3.1225e-17,6.2686
0.0033444,0,0,1,2,0.2,3.1225e-17,6.28
0.0034206,0,0,1,2,0.2,3.1225e-17,6.2913
0.0034803,0,0,1,2,0.2,3.1225e-17,6.3
0.0034986,0,0,1,2,0.2,3.1225e-17,6.3026
0.0035799,0,0,1,2,0.2,3.1225e-17,6.314
0.0036638,0,0,1,2,0.2,3.1225e-17,6.3254
0.0037504,0,0,1,2,0.2,3.1225e-17,6.3368
0.0038396,0,0,1,2,0.2,3.1225e-17,6.3482
0.0039317,0,0,1,2,0.2,3.1225e-17,6.3596
0.0040265,0,0,1,2,0.2,3.1225e-17,6.371
0.0041241,0,0,1,2,0.2,3.1225e-17,6.3823
0.0042247,0,0,1,2,0.2,3.1225e-17,6.3937
0.0042812,0,0,1,2,0.2,3.1225e-17,6.4
0.0043271,0,0,1,2,0.2,3.1225e-17,6.405
0.0044335,0,0,1,2,0.2,3.1225e-17,6.4164
0.0045428,0,0,1,2,0.2,3.1225e-17,6.4278
0.0046551,0,0,1,2,0.2,3.1225e-17,6.4392
0.0047705,0,0,1,2,0.2,3.1225e-17,6.4506
0.004889,0,0,1,2,0.2,3.1225e-17,6.462
0.0050106,0,0,1,2,0.2,3.1225e-17,6.4733
0.0051352,0,0,1,2,0.2,3.1225e-17,6.4847
0.0052631,0,0,1,2,0.2,3.1225e-17,6.4961
0.0053073,0,0,1,2,0.2,3.1225e-17,6.5
0.0053928,0,0,1,2,0.2,3.1225e-17,6.5074
0.005527,0,0,1,2,0.2,3.1225e-17,6.5188
0.0056644,0,0,1,2,0.2,3.1225e-17,6.5302
0.005805,0,0,1,2,0.2,3.1225e-17,6.5416
0.0059488,0,0,1,2,0.2,3.1225e-17,6.553
0.0060959,0,0,1,2,0.2,3.1225e-17,6.5643
0.0062463,0,0,1,2,0.2,3.1225e-17,6.5757
0.0063999,0,0,1,2,0.2,3.1225e-17,6.5871
0.0065568,0,0,1,2,0.2,3.1225e-17,6.5985
0.0065776,0,0,1,2,0.2,3.1225e-17,6.6
0.0067155,0,0,1,2,0.2,3.1225e-17,6.6098
0.006879,0,0,1,2,0.2,3.1225e-17,6.6212
0.0070457,0,0,1,2,0.2,3.1225e-17,6.6326
0.0072158,0,0,1,2,0.2,3.1225e-17,6.644
0.0073891,0,0,1,2,0.2,3.1225e-17,6.6554
0.0075657,0,0,1,2,0.2,3.1225e-17,6.6667
0.0077456,0,0,1,2,0.2,3.1225e-17,6.6781
0.0079288,0,0,1,2,0.2,3.1225e-17,6.6895
0.0081003,0,0,1,2,0.2,3.1225e-17,6.7
0.0081135,0,0,1,2,0.2,3.1225e-17,6.7008
0.0083032,0,0,1,2,0.2,3.1225e-17,6.7122
0.0084961,0,0,1,2,0.2,3.1225e-17,6.7236
0.0086923,0,0,1,2,0.2,3.1225e-17,6.735
0.0088917,0,0,1,2,0.2,3.1225e-17,6.7464
0.0090943,0,0,1,2,0.2,3.1225e-17,6.7577
0.0093001,0,0,1,2,0.2,3.1225e-17,6.7691
0.0095091,0,0,1,2,0.2,3.1225e-17,6.7805
0.0097212,0,0,1,2,0.2,3.1225e-17,6.7919
0.0098739,0,0,1,2,0.2,3.1225e-17,6.8
0.0099344,0,0,1,2,0.2,3.1225e-17,6.8032
0.010153,0,0,1,2,0.2,3.1225e-17,6.8146
0.010374,0,0,1,2,0.2,3.1225e-17,6.826
0.010599,0,0,1,2,0.2,3.1225e-17,6.8374
0.010826,0,0,1,2,0.2,3.1225e-17,6.8487
0.011057,0,0,1,2,0.2,3.1225e-17,6.8601
0.01129,0,0,1,2,0.2,3.1225e-17,6.8715
0.011527,0,0,1,2,0.2,3.1225e-17,6.8829
0.011766,0,0,1,2,0.2,3.1225e-17,6.8943
0.011887,0,0,1,2,0.2,3.1225e-17,6.9
0.012006,0,0,1,2,0.2,3.1225e-17,6.9056
0.012251,0,0,1,2,0.2,3.1225e-17,6.917
0.012499,0,0,1,2,0.2,3.1225e-17,6.9284
0.01275,0,0,1,2,0.2,3.1225e-17,6.9397
0.013004,0,0,1,2,0.2,3.1225e-17,6.9511
0.01326,0,0,1,2,0.2,3.1225e-17,6.9625
0.013519,0,0,1,2,0.2,3.1225e-17,6.9739
0.01378,0,0,1,2,0.2,3.1225e-17,6.9853
0.014045,0,0,1,2,0.2,3.1225e-17,6.9967
0.014122,0,0,1,2,0.2,3.1225e-17,7
0.014309,0,0,1,2,0.2,3.1225e-17,7.008
0.014578,0,0,1,2,0.2,3.1225e-17,7.0194
0.01485,0,0,1,2,0.2,3.1225e-17,7.0308
0.015124,0,0,1,2,0.2,3.1225e-17,7.0421
0.015401,0,0,1,2,0.2,3.1225e-17,7.0535
0.01568,0,0,1,2,0.2,3.1225e-17,7.0649
0.015961,0,0,1,2,0.2,3.1225e-17,7.0763
0.016245,0,0,1,2,0.2,3.1225e-17,7.0877
0.016531,0,0,1,2,0.2,3.1225e-17,7.0991
0.016554,0,0,1,2,0.2,3.1225e-17,7.1
0.016816,0,0,1,2,0.2,3.1225e-17,7.1104
0.017107,0,0,1,2,0.2,3.1225e-17,7.1218
0.017399,0,0,1,2,0.2,3.1225e-17,7.1331
0.017694,0,0,1,2,0.2,3.1225e-17,7.1445
0.01799,0,0,1,2,0.2,3.1225e-17,7.1559
0.018289,0,0,1,2,0.2,3.1225e-17,7.1673
0.018589,0,0,1,2,0.2,3.1225e-17,7.1787
0.018891,0,0,1,2,0.2,3.1225e-17,7.1901
0.019156,0,0,1,2,0.2,3.1225e-17,7.2
0.019193,0,0,1,2,0.2,3.1225e-17,7.2014
0.019499,0,0,1,2,0.2,3.1225e-17,7.2128
0.019807,0,0,1,2,0.2,3.1225e-17,7.2241
0.020116,0,0,1,2,0.2,3.1225e-17,7.2355
0.020427,0,0,1,2,0.2,3.1225e-17,7.2469
0.02074,0,0,1,2,0.2,3.1225e-17,7.2583
0.021055,0,0,1,2,0.2,3.1225e-17,7.2697
0.021371,0,0,1,2,0.2,3.1225e-17,7.2811
0.021688,0,0,1,2,0.2,3.1225e-17,7.2925
0.021899,0,0,1,2,0.2,3.1225e-17,7.3
0.022004,0,0,1,2,0.2,3.1225e-17,7.3038
0.022325,0,0,1,2,0.2,3.1225e-17,7.3151
0.022647,0,0,1,2,0.2,3.1225e-17,7.3265
0.02297,0,0,1,2,0.2,3.1225e-17,7.3379
0.023294,0,0,1,2,0.2,3.1225e-17,7.3493
0.02362,0,0,1,2,0.2,3.1225e-17,7.3607
0.023947,0,0,1,2,0.2,3.1225e-17,7.3721
0.024275,0,0,1,2,0.2,3.1225e-17,7.3835
0.024604,0,0,1,2,0.2,3.1225e-17,7.3949
0.024753,0,0,1,2,0.2,3.1225e-17,7.4
0.024931,0,0,1,2,0.2,3.1225e-17,7.4062
0.025262,0,0,1,2,0.2,3.1225e-17,7.4175
0.025594,0,0,1,2,0.2,3.1225e-17,7.4289
0.025928,0,0,1,2,0.2,3.1225e-17,7.4403
0.026262,0,0,1,2,0.2,3.1225e-17,7.4517
0.026597,0,0,1,2,0.2,3.1225e-17,7.4631
0.026933,0,0,1,2,0.2,3.1225e-17,7.4745
0.027269,0,0,1,2,0.2,3.1225e-17,7.4859
0.027607,0,0,1,2,0.2,3.1225e-17,7.4973
0.027688,0,0,1,2,0.2,3.1225e-17,7.5
0.027942,0,0,1,2,0.2,3.1225e-17,7.5085
0.02828,0,0,1,2,0.2,3.1225e-17,7.5199
0.02862,0,0,1,2,0.2,3.1225e-17,7.5313
0.02896,0,0,1,2,0.2,3.1225e-17,7.5427
0.0293,0,0,1,2,0.2,3.1225e-17,7.5541
0.029641,0,0,1,2,0.2,3.1225e-17,7.5655
0.029983,0,0,1,2,0.2,3.1225e-17,7.5769
0.030325,0,0,1,2,0.2,3.1225e-17,7.5883
0.030667,0,0,1,2,0.2,3.1225e-17,7.5997
0.030678,0,0,1,2,0.2,3.1225e-17,7.6
0.031007,0,0,1,2,0.2,3.1225e-17,7.6109
0.03135,0,0,1,2,0.2,3.1225e-17,7.6223
0.031694,0,0,1,2,0.2,3.1225e-17,7.6337
0.032037,0,0,1,2,0.2,3.1225e-17,7.6451
0.032381,0,0,1,2,0.2,3.1225e-17,7.6565
0.032725,0,0,1,2,0.2,3.1225e-17,7.6679
0.03307,0,0,1,2,0.2,3.1225e-17,7.6793
0.033414,0,0,1,2,0.2,3.1225e-17,7.6907
0.033697,0,0,1,2,0.2,3.1225e-17,7.7
0.033756,0,0,1,2,0.2,3.1225e-17,7.7019
0.0341,0,0,1,2,0.2,3.1225e-17,7.7133
0.034445,0,0,1,2,0.2,3.1225e-17,7.7247
0.03479,0,0,1,2,0.2,3.1225e-17,7.7361
0.035135,0,0,1,2,0.2,3.1225e-17,7.7475
0.035479,0,0,1,2,0.2,3.1225e-17,7.7589
0.035824,0,0,1,2,0.2,3.1225e-17,7.7703
0.036169,0,0,1,2,0.2,3.1225e-17,7.7817
0.036513,0,0,1,2,0.2,3.1225e-17,7.793
0.036723,0,0,1,2,0.2,3.1225e-17,7.8
0.036854,0,0,1,2,0.2,3.1225e-17,7.8043
0.037198,0,0,1,2,0.2,3.1225e-17,7.8157
0.037542,0,0,1,2,0.2,3.1225e-17,7.8271
0.037886,0,0,1,2,0.2,3.1225e-17,7.8385
0.038229,0,0,1,2,0.2,3.1225e-17,7.8499
0.038572,0,0,1,2,0.2,3.1225e-17,7.8613
0.038915,0,0,1,2,0.2,3.1225e-17,7.8727
0.039257,0,0,1,2,0.2,3.1225e-17,7.8841
0.0396,0,0,1,2,0.2,3.1225e-17,7.8954
0.039736,0,0,1,2,0.2,3.1225e-17,7.9
0.039938,0,0,1,2,0.2,3.1225e-17,7.9067
0.040279,0,0,1,2,0.2,3.1225e-17,7.9181
0.04062,0,0,1,2,0.2,3.1225e-17,7.9295
0.040961,0,0,1,2,0.2,3.1225e-17,7.9409
0.041301,0,0,1,2,0.2,3.1225e-17,7.9523
0.04164,0,0,1,2,0.2,3.1225e-17,7.9637
0.041979,0,0,1,2,0.2,3.1225e-17,7.9751
0.042317,0,0,1,2,0.2,3.1225e-17,7.9864
0.042655,0,0,1,2,0.2,3.1225e-17,7.9978
0.04272,0,0,1,2,0.2,3.1225e-17,8
0.042989,0,0,1,2,0.2,3.1225e-17,8.0091
0.043326,0,0,1,2,0.2,3.1225e-17,8.0205
0.043662,0,0,1,2,0.2,3.1225e-17,8.0319
0.043998,0,0,1,2,0.2,3.1225e-17,8.0433
0.044332,0,0,1,2,0.2,3.1225e-17,8.0547
0.044667,0,0,1,2,0.2,3.1225e-17,8.0661
0.045,0,0,1,2,0.2,3.1225e-17,8.0774
0.045333,0,0,1,2,0.2,3.1225e-17,8.0888
0.045658,0,0,1,2,0.2,3.1225e-17,8.1
0.045662,0,0,1,2,0.2,3.1225e-17,8.1001
0.045993,0,0,1,2,0.2,3.1225e-17,8.1115
0.046324,0,0,1,2,0.2,3.1225e-17,8.1229
0.046653,0,0,1,2,0.2,3.1225e-17,8.1343
0.046982,0,0,1,2,0.2,3.1225e-17,8.1457
0.047311,0,0,1,2,0.2,3.1225e-17,8.1571
0.047638,0,0,1,2,0.2,3.1225e-17,8.1684
0.047965,0,0,1,2,0.2,3.1225e-17,8.1798
0.04829,0,0,1,2,0.2,3.1225e-17,8.1912
0.048541,0,0,1,2,0.2,3.1225e-17,8.2
0.048612,0,0,1,2,0.2,3.1225e-17,8.2025
0.048936,0,0,1,2,0.2,3.1225e-17,8.2139
0.04926,0,0,1,2,0.2,3.1225e-17,8.2253
0.049582,0,0,1,2,0.2,3.1225e-17,8.2367
0.049903,0,0,1,2,0.2,3.1225e-17,8.2481
0.050224,0,0,1,2,0.2,3.1225e-17,8.2594
0.050543,0,0,1,2,0.2,3.1225e-17,8.2708
0.050862,0,0,1,2,0.2,3.1225e-17,8.2822
0.05118,0,0,1,2,0.2,3.1225e-17,8.2936
0.051357,0,0,1,2,0.2,3.1225e-17,8.3
0.051494,0,0,1,2,0.2,3.1225e-17,8.3049
0.051809,0,0,1,2,0.2,3.1225e-17,8.3163
0.052124,0,0,1,2,0.2,3.1225e-17,8.3277
0.052438,0,0,1,2,0.2,3.1225e-17,8.3391
0.052751,0,0,1,2,0.2,3.1225e-17,8.3505
0.053063,0,0,1,2,0.2,3.1225e-17,8.3618
0.053374,0,0,1,2,0.2,3.1225e-17,8.3732
0.053684,0,0,1,2,0.2,3.1225e-17,8.3846
0.053992,0,0,1,2,0.2,3.1225e-17,8.396
0.0541,0,0,1,2,0.2,3.1225e-17,8.4
0.054297,0,0,1,2,0.2,3.1225e-17,8.4073
0.054604,0,0,1,2,0.2,3.1225e-17,8.4187
0.05491,0,0,1,2,0.2,3.1225e-17,8.4301
0.055215,0,0,1,2,0.2,3.1225e-17,8.4415
0.055518,0,0,1,2,0.2,3.1225e-17,8.4528
0.055821,0,0,1,2,0.2,3.1225e-17,8.4642
0.056122,0,0,1,2,0.2,3.1225e-17,8.4756
0.056423,0,0,1,2,0.2,3.1225e-17,8.487
0.056722,0,0,1,2,0.2,3.1225e-17,8.4984
0.056764,0,0,1,2,0.2,3.1225e-17,8.5
0.057018,0,0,1,2,0.2,3.1225e-17,8.5097
0.057315,0,0,1,2,0.2,3.1225e-17,8.5211
0.057611,0,0,1,2,0.2,3.1225e-17,8.5325
0.057906,0,0,1,2,0.2,3.1225e-17,8.5438
0.0582,0,0,1,2,0.2,3.1225e-17,8.5552
0.058493,0,0,1,2,0.2,3.1225e-17,8.5666
0.058785,0,0,1,2,0.2,3.1225e-17,8.578
0.059075,0,0,1,2,0.2,3.1225e-17,8.5894
0.059345,0,0,1,2,0.2,3.1225e-17,8.6
0.059362,0,0,1,2,0.2,3.1225e-17,8.6007
0.05965,0,0,1,2,0.2,3.1225e-17,8.6121
0.059938,0,0,1,2,0.2,3.1225e-17,8.6235
0.060224,0,0,1,2,0.2,3.1225e-17,8.6349
0.060509,0,0,1,2,0.2,3.1225e-17,8.6462
0.060793,0,0,1,2,0.2,3.1225e-17,8.6576
0.061075,0,0,1,2,0.2,3.1225e-17,8.669
0.061357,0,0,1,2,0.2,3.1225e-17,8.6804
0.061637,0,0,1,2,0.2,3.1225e-17,8.6918
0.061839,0,0,1,2,0.2,3.1225e-17,8.7
0.061914,0,0,1,2,0.2,3.1225e-17,8.7031
0.062192,0,0,1,2,0.2,3.1225e-17,8.7145
0.062469,0,0,1,2,0.2,3.1225e-17,8.7259
0.062745,0,0,1,2,0.2,3.1225e-17,8.7372
0.06302,0,0,1,2,0.2,3.1225e-17,8.7486
0.063293,0,0,1,2,0.2,3.1225e-17,8.76
0.063566,0,0,1,2,0.2,3.1225e-17,8.7714
0.063837,0,0,1,2,0.2,3.1225e-17,8.7828
0.064107,0,0,1,2,0.2,3.1225e-17,8.7942
0.064245,0,0,1,2,0.2,3.1225e-17,8.8
0.064374,0,0,1,2,0.2,3.1225e-17,8.8055
0.064642,0,0,1,2,0.2,3.1225e-17,8.8169
0.064908,0,0,1,2,0.2,3.1225e-17,8.8282
0.065174,0,0,1,2,0.2,3.1225e-17,8.8396
0.065438,0,0,1,2,0.2,3.1225e-17,8.851
0.065702,0,0,1,2,0.2,3.1225e-17,8.8624
0.065964,0,0,1,2,0.2,3.1225e-17,8.8738
0.066225,0,0,1,2,0.2,3.1225e-17,8.8852
0.066484,0,0,1,2,0.2,3.1225e-17,8.8966
0.066562,0,0,1,2,0.2,3.1225e-17,8.9
0.066741,0,0,1,2,0.2,3.1225e-17,8.9079
0.066998,0,0,1,2,0.2,3.1225e-17,8.9192
0.067255,0,0,1,2,0.2,3.1225e-17,8.9306
0.06751,0,0,1,2,0.2,3.1225e-17,8.942
0.067764,0,0,1,2,0.2,3.1225e-17,8.9534
0.068017,0,0,1,2,0.2,3.1225e-17,8.9648
0.068269,0,0,1,2,0.2,3.1225e-17,8.9762
0.068519,0,0,1,2,0.2,3.1225e-17,8.9876
0.068769,0,0,1,2,0.2,3.1225e-17,8.999
0.068791,0,0,1,2,0.2,3.1225e-17,9
0.069015,0,0,1,2,0.2,3.1225e-17,9.0102
0.069262,0,0,1,2,0.2,3.1225e-17,9.0216
0.069508,0,0,1,2,0.2,3.1225e-17,9.033
0.069753,0,0,1,2,0.2,3.1225e-17,9.0444
0.069997,0,0,1,2,0.2,3.1225e-17,9.0558
0.07024,0,0,1,2,0.2,3.1225e-17,9.0672
0.070481,0,0,1,2,0.2,3.1225e-17,9.0786
0.070722,0,0,1,2,0.2,3.1225e-17,9.09
0.070933,0,0,1,2,0.2,3.1225e-17,9.1
0.070959,0,0,1,2,0.2,3.1225e-17,9.1013
0.071197,0,0,1,2,0.2,3.1225e-17,9.1126
0.071434,0,0,1,2,0.2,3.1225e-17,9.124
0.07167,0,0,1,2,0.2,3.1225e-17,9.1354
0.071905,0,0,1,2,0.2,3.1225e-17,9.1468
0.072139,0,0,1,2,0.2,3.1225e-17,9.1582
0.072372,0,0,1,2,0.2,3.1225e-17,9.1696
0.072603,0,0,1,2,0.2,3.1225e-17,9.181
0.072834,0,0,1,2,0.2,3.1225e-17,9.1924
0.072988,0,0,1,2,0.2,3.1225e-17,9.2
0.073061,0,0,1,2,0.2,3.1225e-17,9.2036
0.073289,0,0,1,2,0.2,3.1225e-17,9.215
0.073516,0,0,1,2,0.2,3.1225e-17,9.2264
0.073742,0,0,1,2,0.2,3.1225e-17,9.2378
0.073967,0,0,1,2,0.2,3.1225e-17,9.2492
0.074191,0,0,1,2,0.2,3.1225e-17,9.2606
0.074414,0,0,1,2,0.2,3.1225e-17,9.272
0.074636,0,0,1,2,0.2,3.1225e-17,9.2834
0.074857,0,0,1,2,0.2,3.1225e-17,9.2948
0.074958,0,0,1,2,0.2,3.1225e-17,9.3
0.075074,0,0,1,2,0.2,3.1225e-17,9.306
0.075293,0,0,1,2,0.2,3.1225e-17,9.3174
0.07551,0,0,1,2,0.2,3.1225e-17,9.3288
0.075727,0,0,1,2,0.2,3.1225e-17,9.3402
0.075942,0,0,1,2,0.2,3.1225e-17,9.3516
0.076156,0,0,1,2,0.2,3.1225e-17,9.363
0.07637,0,0,1,2,0.2,3.1225e-17,9.3744
0.076582,0,0,1,2,0.2,3.1225e-17,9.3858
0.076793,0,0,1,2,0.2,3.1225e-17,9.3971
0.076846,0,0,1,2,0.2,3.1225e-17,9.4
0.077001,0,0,1,2,0.2,3.1225e-17,9.4084
0.07721,0,0,1,2,0.2,3.1225e-17,9.4198
0.077418,0,0,1,2,0.2,3.1225e-17,9.4312
0.077625,0,0,1,2,0.2,3.1225e-17,9.4426
0.077831,0,0,1,2,0.2,3.1225e-17,9.454
0.078036,0,0,1,2,0.2,3.1225e-17,9.4654
0.07824,0,0,1,2,0.2,3.1225e-17,9.4768
0.078443,0,0,1,2,0.2,3.1225e-17,9.4881
0.078645,0,0,1,2,0.2,3.1225e-17,9.4995
0.078653,0,0,1,2,0.2,3.1225e-17,9.5
0.078844,0,0,1,2,0.2,3.1225e-17,9.5108
0.079044,0,0,1,2,0.2,3.1225e-17,9.5222
0.079243,0,0,1,2,0.2,3.1225e-17,9.5336
0.079441,0,0,1,2,0.2,3.1225e-17,9.545
0.079638,0,0,1,2,0.2,3.1225e-17,9.5564
0.079834,0,0,1,2,0.2,3.1225e-17,9.5678
0.080029,0,0,1,2,0.2,3.1225e-17,9.5792
0.080223,0,0,1,2,0.2,3.1225e-17,9.5905
0.080383,0,0,1,2,0.2,3.1225e-17,9.6
0.080414,0,0,1,2,0.2,3.1225e-17,9.6018
0.080606,0,0,1,2,0.2,3.1225e-17,9.6132
0.080797,0,0,1,2,0.2,3.1225e-17,9.6246
0.080987,0,0,1,2,0.2,3.1225e-17,9.636
0.081176,0,0,1,2,0.2,3.1225e-17,9.6474
0.081364,0,0,1,2,0.2,3.1225e-17,9.6588
0.081552,0,0,1,2,0.2,3.1225e-17,9.6702
0.081738,0,0,1,2,0.2,3.1225e-17,9.6815
0.081923,0,0,1,2,0.2,3.1225e-17,9.6929
0.082038,0,0,1,2,0.2,3.1225e-17,9.7
0.082106,0,0,1,2,0.2,3.1225e-17,9.7042
0.082289,0,0,1,2,0.2,3.1225e-17,9.7156
0.082472,0,0,1,2,0.2,3.1225e-17,9.727
0.082653,0,0,1,2,0.2,3.1225e-17,9.7384
0.082834,0,0,1,2,0.2,3.1225e-17,9.7498
0.083014,0,0,1,2,0.2,3.1225e-17,9.7612
0.083193,0,0,1,2,0.2,3.1225e-17,9.7725
0.083371,0,0,1,2,0.2,3.1225e-17,9.7839
0.083548,0,0,1,2,0.2,3.1225e-17,9.7953
0.08362,0,0,1,2,0.2,3.1225e-17,9.8
0.083722,0,0,1,2,0.2,3.1225e-17,9.8066
0.083897,0,0,1,2,0.2,3.1225e-17,9.818
0.084072,0,0,1,2,0.2,3.1225e-17,9.8294
0.084245,0,0,1,2,0.2,3.1225e-17,9.8408
0.084418,0,0,1,2,0.2,3.1225e-17,9.8522
0.084589,0,0,1,2,0.2,3.1225e-17,9.8636
0.08476,0,0,1,2,0.2,3.1225e-17,9.8749
0.08493,0,0,1,2,0.2,3.1225e-17,9.8863
0.085099,0,0,1,2,0.2,3.1225e-17,9.8977
0.085133,0,0,1,2,0.2,3.1225e-17,9.9
0.085265,0,0,1,2,0.2,3.1225e-17,9.909
0.085433,0,0,1,2,0.2,3.1225e-17,9.9204
0.085599,0,0,1,2,0.2,3.1225e-17,9.9318
0.085765,0,0,1,2,0.2,3.1225e-17,9.9432
0.085929,0,0,1,2,0.2,3.1225e-17,9.9546
0.086093,0,0,1,2,0.2,3.1225e-17,9.9659
0.086256,0,0,1,2,0.2,3.1225e-17,9.9773
0.086419,0,0,1,2,0.2,3.1225e-17,9.9887
0.086578,0,0,1,2,0.2,3.1225e-17,10
0.086739,0,0,1,2,0.2,3.1225e-17,10.011
0.086899,0,0,1,2,0.2,3.1225e-17,10.023
0.087058,0,0,1,2,0.2,3.1225e-17,10.034
0.087216,0,0,1,2,0.2,3.1225e-17,10.046
0.087373,0,0,1,2,0.2,3.1225e-17,10.057
0.087529,0,0,1,2,0.2,3.1225e-17,10.068
0.087685,0,0,1,2,0.2,3.1225e-17,10.08
0.08784,0,0,1,2,0.2,3.1225e-17,10.091
0.08796,0,0,1,2,0.2,3.1225e-17,10.1
0.087992,0,0,1,2,0.2,3.1225e-17,10.102
0.088145,0,0,1,2,0.2,3.1225e-17,10.114
0.088298,0,0,1,2,0.2,3.1225e-17,10.125
0.08845,0,0,1,2,0.2,3.1225e-17,10.137
0.0886,0,0,1,2,0.2,3.1225e-17,10.148
0.088751,0,0,1,2,0.2,3.1225e-17,10.159
0.0889,0,0,1,2,0.2,3.1225e-17,10.171
0.089048,0,0,1,2,0.2,3.1225e-17,10.182
0.089196,0,0,1,2,0.2,3.1225e-17,10.194
0.08928,0,0,1,2,0.2,3.1225e-17,10.2
0.089342,0,0,1,2,0.2,3.1225e-17,10.205
0.089488,0,0,1,2,0.2,3.1225e-17,10.216
0.089633,0,0,1,2,0.2,3.1225e-17,10.228
0.089778,0,0,1,2,0.2,3.1225e-17,10.239
0.089922,0,0,1,2,0.2,3.1225e-17,10.25
0.090065,0,0,1,2,0.2,3.1225e-17,10.262
0.090208,0,0,1,2,0.2,3.1225e-17,10.273
0.09035,0,0,1,2,0.2,3.1225e-17,10.285
0.090491,0,0,1,2,0.2,3.1225e-17,10.296
0.090541,0,0,1,2,0.2,3.1225e-17,10.3
0.09063,0,0,1,2,0.2,3.1225e-17,10.307
0.090769,0,0,1,2,0.2,3.1225e-17,10.319
0.090908,0,0,1,2,0.2,3.1225e-17,10.33
0.091046,0,0,1,2,0.2,3.1225e-17,10.341
0.091183,0,0,1,2,0.2,3.1225e-17,10.353
0.09132,0,0,1,2,0.2,3.1225e-17,10.364
0.091456,0,0,1,2,0.2,3.1225e-17,10.376
0.091591,0,0,1,2,0.2,3.1225e-17,10.387
0.091726,0,0,1,2,0.2,3.1225e-17,10.398
0.091746,0,0,1,2,0.2,3.1225e-17,10.4
0.091859,0,0,1,2,0.2,3.1225e-17,10.41
0.091992,0,0,1,2,0.2,3.1225e-17,10.421
0.092124,0,0,1,2,0.2,3.1225e-17,10.432
0.092256,0,0,1,2,0.2,3.1225e-17,10.444
0.092387,0,0,1,2,0.2,3.1225e-17,10.455
0.092518,0,0,1,2,0.2,3.1225e-17,10.467
0.092647,0,0,1,2,0.2,3.1225e-17,10.478
0.092776,0,0,1,2,0.2,3.1225e-17,10.489
0.092897,0,0,1,2,0.2,3.1225e-17,10.5
0.092904,0,0,1,2,0.2,3.1225e-17,10.501
0.093031,0,0,1,2,0.2,3.1225e-17,10.512
0.093159,0,0,1,2,0.2,3.1225e-17,10.523
0.093285,0,0,1,2,0.2,3.1225e-17,10.535
0.093411,0,0,1,2,0.2,3.1225e-17,10.546
0.093536,0,0,1,2,0.2,3.1225e-17,10.558
0.09366,0,0,1,2,0.2,3.1225e-17,10.569
0.093784,0,0,1,2,0.2,3.1225e-17,10.58
0.093907,0,0,1,2,0.2,3.1225e-17,10.592
0.093997,0,0,1,2,0.2,3.1225e-17,10.6
0.094029,0,0,1,2,0.2,3.1225e-17,10.603
0.094151,0,0,1,2,0.2,3.1225e-17,10.614
0.094272,0,0,1,2,0.2,3.1225e-17,10.626
0.094393,0,0,1,2,0.2,3.1225e-17,10.637
0.094513,0,0,1,2,0.2,3.1225e-17,10.649
0.094632,0,0,1,2,0.2,3.1225e-17,10.66
0.094751,0,0,1,2,0.2,3.1225e-17,10.671
0.094869,0,0,1,2,0.2,3.1225e-17,10.683
0.094987,0,0,1,2,0.2,3.1225e-17,10.694
0.095048,0,0,1,2,0.2,3.1225e-17,10.7
0.095102,0,0,1,2,0.2,3.1225e-17,10.705
0.095219,0,0,1,2,0.2,3.1225e-17,10.717
0.095335,0,0,1,2,0.2,3.1225e-17,10.728
0.09545,0,0,1,2,0.2,3.1225e-17,10.74
0.095564,0,0,1,2,0.2,3.1225e-17,10.751
0.095678,0,0,1,2,0.2,3.1225e-17,10.762
0.095792,0,0,1,2,0.2,3.1225e-17,10.774
0.095904,0,0,1,2,0.2,3.1225e-17,10.785
0.096017,0,0,1,2,0.2,3.1225e-17,10.796
0.096051,0,0,1,2,0.2,3.1225e-17,10.8
0.096127,0,0,1,2,0.2,3.1225e-17,10.808
0.096238,0,0,1,2,0.2,3.1225e-17,10.819
0.096349,0,0,1,2,0.2,3.1225e-17,10.831
0.096459,0,0,1,2,0.2,3.1225e-17,10.842
0.096568,0,0,1,2,0.2,3.1225e-17,10.853
0.096677,0,0,1,2,0.2,3.1225e-17,10.865
0.096785,0,0,1,2,0.2,3.1225e-17,10.876
0.096893,0,0,1,2,0.2,3.1225e-17,10.887
0.097,0,0,1,2,0.2,3.1225e-17,10.899
0.09701,0,0,1,2,0.2,3.1225e-17,10.9
0.097105,0,0,1,2,0.2,3.1225e-17,10.91
0.097211,0,0,1,2,0.2,3.1225e-17,10.922
0.097317,0,0,1,2,0.2,3.1225e-17,10.933
0.097421,0,0,1,2,0.2,3.1225e-17,10.944
0.097526,0,0,1,2,0.2,3.1225e-17,10.956
0.09763,0,0,1,2,0.2,3.1225e-17,10.967
0.097733,0,0,1,2,0.2,3.1225e-17,10.978
0.097836,0,0,1,2,0.2,3.1225e-17,10.99
0.097927,0,0,1,2,0.2,3.1225e-17,11
0.097937,0,0,1,2,0.2,3.1225e-17,11.001
0.098039,0,0,1,2,0.2,3.1225e-17,11.013
0.09814,0,0,1,2,0.2,3.1225e-17,11.024
0.09824,0,0,1,2,0.2,3.1225e-17,11.035
0.098341,0,0,1,2,0.2,3.1225e-17,11.047
0.09844,0,0,1,2,0.2,3.1225e-17,11.058
0.098539,0,0,1,2,0.2,3.1225e-17,11.069
0.098638,0,0,1,2,0.2,3.1225e-17,11.081
0.098736,0,0,1,2,0.2,3.1225e-17,11.092
0.098802,0,0,1,2,0.2,3.1225e-17,11.1
0.098833,0,0,1,2,0.2,3.1225e-17,11.104
0.09893,0,0,1,2,0.2,3.1225e-17,11.115
0.099026,0,0,1,2,0.2,3.1225e-17,11.126
0.099122,0,0,1,2,0.2,3.1225e-17,11.138
0.099218,0,0,1,2,0.2,3.1225e-17,11.149
0.099313,0,0,1,2,0.2,3.1225e-17,11.16
0.099407,0,0,1,2,0.2,3.1225e-17,11.172
0.099502,0,0,1,2,0.2,3.1225e-17,11.183
0.099595,0,0,1,2,0.2,3.1225e-17,11.195
0.099639,0,0,1,2,0.2,3.1225e-17,11.2
0.099687,0,0,1,2,0.2,3.1225e-17,11.206
0.09978,0,0,1,2,0.2,3.1225e-17,11.217
0.099872,0,0,1,2,0.2,3.1225e-17,11.229
0.099964,0,0,1,2,0.2,3.1225e-17,11.24
0.10006,0,0,1,2,0.2,3.1225e-17,11.251
0.10015,0,0,1,2,0.2,3.1225e-17,11.263
0.10024,0,0,1,2,0.2,3.1225e-17,11.274
0.10033,0,0,1,2,0.2,3.1225e-17,11.286
0.10042,0,0,1,2,0.2,3.1225e-17,11.297
0.10044,0,0,1,2,0.2,3.1225e-17,11.3
0.1005,0,0,1,2,0.2,3.1225e-17,11.308
0.10059,0,0,1,2,0.2,3.1225e-17,11.32
0.10068,0,0,1,2,0.2,3.1225e-17,11.331
0.10077,0,0,1,2,0.2,3.1225e-17,11.342
0.10085,0,0,1,2,0.2,3.1225e-17,11.354
0.10094,0,0,1,2,0.2,3.1225e-17,11.365
0.10103,0,0,1,2,0.2,3.1225e-17,11.377
0.10111,0,0,1,2,0.2,3.1225e-17,11.388
0.1012,0,0,1,2,0.2,3.1225e-17,11.399
0.1012,0,0,1,2,0.2,3.1225e-17,11.4
0.10128,0,0,1,2,0.2,3.1225e-17,11.411
0.10137,0,0,1,2,0.2,3.1225e-17,11.422
0.10145,0,0,1,2,0.2,3.1225e-17,11.433
0.10154,0,0,1,2,0.2,3.1225e-17,11.445
0.10162,0,0,1,2,0.2,3.1225e-17,11.456
0.1017,0,0,1,2,0.2,3.1225e-17,11.468
0.10178,0,0,1,2,0.2,3.1225e-17,11.479
0.10187,0,0,1,2,0.2,3.1225e-17,11.49
0.10193,0,0,1,2,0.2,3.1225e-17,11.5
0.10195,0,0,1,2,0.2,3.1225e-17,11.502
0.10203,0,0,1,2,0.2,3.1225e-17,11.513
0.10211,0,0,1,2,0.2,3.1225e-17,11.524
0.10219,0,0,1,2,0.2,3.1225e-17,11.536
0.10227,0,0,1,2,0.2,3.1225e-17,11.547
0.10235,0,0,1,2,0.2,3.1225e-17,11.559
0.10243,0,0,1,2,0.2,3.1225e-17,11.57
0.1025,0,0,1,2,0.2,3.1225e-17,11.581
0.10258,0,0,1,2,0.2,3.1225e-17,11.593
0.10263,0,0,1,2,0.2,3.1225e-17,11.6
0.10266,0,0,1,2,0.2,3.1225e-17,11.604
0.10274,0,0,1,2,0.2,3.1225e-17,11.615
0.10281,0,0,1,2,0.2,3.1225e-17,11.627
0.10289,0,0,1,2,0.2,3.1225e-17,11.638
0.10297,0,0,1,2,0.2,3.1225e-17,11.65
0.10304,0,0,1,2,0.2,3.1225e-17,11.661
0.10312,0,0,1,2,0.2,3.1225e-17,11.672
0.10319,0,0,1,2,0.2,3.1225e-17,11.684
0.10327,0,0,1,2,0.2,3.1225e-17,11.695
0.1033,0,0,1,2,0.2,3.1225e-17,11.7
0.10334,0,0,1,2,0.2,3.1225e-17,11.706
0.10342,0,0,1,2,0.2,3.1225e-17,11.718
0.10349,0,0,1,2,0.2,3.1225e-17,11.729
0.10356,0,0,1,2,0.2,3.1225e-17,11.741
0.10364,0,0,1,2,0.2,3.1225e-17,11.752
0.10371,0,0,1,2,0.2,3.1225e-17,11.763
0.10378,0,0,1,2,0.2,3.1225e-17,11.775
0.10385,0,0,1,2,0.2,3.1225e-17,11.786
0.10392,0,0,1,2,0.2,3.1225e-17,11.798
0.10394,0,0,1,2,0.2,3.1225e-17,11.8
0.10399,0,0,1,2,0.2,3.1225e-17,11.809
0.10406,0,0,1,2,0.2,3.1225e-17,11.82
0.10413,0,0,1,2,0.2,3.1225e-17,11.832
0.1042,0,0,1,2,0.2,3.1225e-17,11.843
0.10427,0,0,1,2,0.2,3.1225e-17,11.854
0.10434,0,0,1,2,0.2,3.1225e-17,11.866
0.10441,0,0,1,2,0.2,3.1225e-17,11.877
0.10448,0,0,1,2,0.2,3.1225e-17,11.889
0.10455,0,0,1,2,0.2,3.1225e-17,11.9
0.10455,0,0,1,2,0.2,3.1225e-17,11.9
0.10462,0,0,1,2,0.2,3.1225e-17,11.911
0.10468,0,0,1,2,0.2,3.1225e-17,11.923
0.10475,0,0,1,2,0.2,3.1225e-17,11.934
0.10482,0,0,1,2,0.2,3.1225e-17,11.945
0.10488,0,0,1,2,0.2,3.1225e-17,11.957
0.10495,0,0,1,2,0.2,3.1225e-17,11.968
0.10502,0,0,1,2,0.2,3.1225e-17,11.98
0.10508,0,0,1,2,0.2,3.1225e-17,11.991
0.10513,0,0,1,2,0.2,3.1225e-17,12
0.10515,0,0,1,2,0.2,3.1225e-17,12.002
0.10521,0,0,1,2,0.2,3.1225e-17,12.014
0.10527,0,0,1,2,0.2,3.1225e-17,12.025
0.10534,0,0,1,2,0.2,3.1225e-17,12.036
0.1054,0,0,1,2,0.2,3.1225e-17,12.048
0.10547,0,0,1,2,0.2,3.1225e-17,12.059
0.10553,0,0,1,2,0.2,3.1225e-17,12.071
0.10559,0,0,1,2,0.2,3.1225e-17,12.082
0.10565,0,0,1,2,0.2,3.1225e-17,12.093
0.10569,0,0,1,2,0.2,3.1225e-17,12.1
0.10572,0,0,1,2,0.2,3.1225e-17,12.105
0.10578,0,0,1,2,0.2,3.1225e-17,12.116
0.10584,0,0,1,2,0.2,3.1225e-17,12.127
0.1059,0,0,1,2,0.2,3.1225e-17,12.139
0.10596,0,0,1,2,0.2,3.1225e-17,12.15
0.10602,0,0,1,2,0.2,3.1225e-17,12.162
0.10608,0,0,1,2,0.2,3.1225e-17,12.173
0.10614,0,0,1,2,0.2,3.1225e-17,12.184
0.1062,0,0,1,2,0.2,3.1225e-17,12.196
0.10622,0,0,1,2,0.2,3.1225e-17,12.2
0.10626,0,0,1,2,0.2,3.1225e-17,12.207
0.10632,0,0,1,2,0.2,3.1225e-17,12.218
0.10638,0,0,1,2,0.2,3.1225e-17,12.23
0.10644,0,0,1,2,0.2,3.1225e-17,12.241
0.1065,0,0,1,2,0.2,3.1225e-17,12.253
0.10655,0,0,1,2,0.2,3.1225e-17,12.264
0.10661,0,0,1,2,0.2,3.1225e-17,12.275
0.10667,0,0,1,2,0.2,3.1225e-17,12.287
0.10673,0,0,1,2,0.2,3.1225e-17,12.298
0.10673,0,0,1,2,0.2,3.1225e-17,12.3
0.10678,0,0,1,2,0.2,3.1225e-17,12.309
0.10684,0,0,1,2,0.2,3.1225e-17,12.321
0.10689,0,0,1,2,0.2,3.1225e-17,12.332
0.10695,0,0,1,2,0.2,3.1225e-17,12.344
0.10701,0,0,1,2,0.2,3.1225e-17,12.355
0.10706,0,0,1,2,0.2,3.1225e-17,12.366
0.10712,0,0,1,2,0.2,3.1225e-17,12.378
0.10717,0,0,1,2,0.2,3.1225e-17,12.389
0.10722,0,0,1,2,0.2,3.1225e-17,12.4
0.10722,0,0,1,2,0.2,3.1225e-17,12.4
0.10728,0,0,1,2,0.2,3.1225e-17,12.412
0.10733,0,0,1,2,0.2,3.1225e-17,12.423
0.10739,0,0,1,2,0.2,3.1225e-17,12.435
0.10744,0,0,1,2,0.2,3.1225e-17,12.446
0.10749,0,0,1,2,0.2,3.1225e-17,12.457
0.10755,0,0,1,2,0.2,3.1225e-17,12.469
0.1076,0,0,1,2,0.2,3.1225e-17,12.48
0.10765,0,0,1,2,0.2,3.1225e-17,12.492
0.10769,0,0,1,2,0.2,3.1225e-17,12.5
0.1077,0,0,1,2,0.2,3.1225e-17,12.503
0.10775,0,0,1,2,0.2,3.1225e-17,12.514
0.10781,0,0,1,2,0.2,3.1225e-17,12.526
0.10786,0,0,1,2,0.2,3.1225e-17,12.537
0.10791,0,0,1,2,0.2,3.1225e-17,12.548
0.10796,0,0,1,2,0.2,3.1225e-17,12.56
0.10801,0,0,1,2,0.2,3.1225e-17,12.571
0.10806,0,0,1,2,0.2,3.1225e-17,12.583
0.10811,0,0,1,2,0.2,3.1225e-17,12.594
0.10814,0,0,1,2,0.2,3.1225e-17,12.6
0.10816,0,0,1,2,0.2,3.1225e-17,12.605
0.10821,0,0,1,2,0.2,3.1225e-17,12.617
0.10826,0,0,1,2,0.2,3.1225e-17,12.628
0.10831,0,0,1,2,0.2,3.1225e-17,12.639
0.10836,0,0,1,2,0.2,3.1225e-17,12.651
0.1084,0,0,1,2,0.2,3.1225e-17,12.662
0.10845,0,0,1,2,0.2,3.1225e-17,12.674
0.1085,0,0,1,2,0.2,3.1225e-17,12.685
0.10855,0,0,1,2,0.2,3.1225e-17,12.696
0.10856,0,0,1,2,0.2,3.1225e-17,12.7
0.1086,0,0,1,2,0.2,3.1225e-17,12.708
0.10864,0,0,1,2,0.2,3.1225e-17,12.719
0.10869,0,0,1,2,0.2,3.1225e-17,12.73
0.10874,0,0,1,2,0.2,3.1225e-17,12.742
0.10878,0,0,1,2,0.2,3.1225e-17,12.753
0.10883,0,0,1,2,0.2,3.1225e-17,12.765
0.10888,0,0,1,2,0.2,3.1225e-17,12.776
0.10892,0,0,1,2,0.2,3.1225e-17,12.787
0.10897,0,0,1,2,0.2,3.1225e-17,12.799
0.10897,0,0,1,2,0.2,3.1225e-17,12.8
0.10901,0,0,1,2,0.2,3.1225e-17,12.81
0.10906,0,0,1,2,0.2,3.1225e-17,12.821
0.1091,0,0,1,2,0.2,3.1225e-17,12.833
0.10915,0,0,1,2,0.2,3.1225e-17,12.844
0.10919,0,0,1,2,0.2,3.1225e-17,12.856
0.10924,0,0,1,2,0.2,3.1225e-17,12.867
0.10928,0,0,1,2,0.2,3.1225e-17,12.878
0.10932,0,0,1,2,0.2,3.1225e-17,12.89
0.10936,0,0,1,2,0.2,3.1225e-17,12.9
0.10937,0,0,1,2,0.2,3.1225e-17,12.901
0.10941,0,0,1,2,0.2,3.1225e-17,12.912
0.10945,0,0,1,2,0.2,3.1225e-17,12.924
0.1095,0,0,1,2,0.2,3.1225e-17,12.935
0.10954,0,0,1,2,0.2,3.1225e-17,12.947
0.10958,0,0,1,2,0.2,3.1225e-17,12.958
0.10962,0,0,1,2,0.2,3.1225e-17,12.969
0.10967,0,0,1,2,0.2,3.1225e-17,12.981
0.10971,0,0,1,2,0.2,3.1225e-17,12.992
0.10974,0,0,1,2,0.2,3.1225e-17,13
0.10975,0,0,1,2,0.2,3.1225e-17,13.003
0.10979,0,0,1,2,0.2,3.1225e-17,13.015
0.10983,0,0,1,2,0.2,3.1225e-17,13.026
0.10987,0,0,1,2,0.2,3.1225e-17,13.038
0.10991,0,0,1,2,0.2,3.1225e-17,13.049
0.10996,0,0,1,2,0.2,3.1225e-17,13.06
0.11,0,0,1,2,0.2,3.1225e-17,13.072
0.11004,0,0,1,2,0.2,3.1225e-17,13.083
0.11008,0,0,1,2,0.2,3.1225e-17,13.095
0.1101,0,0,1,2,0.2,3.1225e-17,13.1
0.11012,0,0,1,2,0.2,3.1225e-17,13.106
0.11016,0,0,1,2,0.2,3.1225e-17,13.117
0.11019,0,0,1,2,0.2,3.1225e-17,13.129
0.11023,0,0,1,2,0.2,3.1225e-17,13.14
0.11027,0,0,1,2,0.2,3.1225e-17,13.151
0.11031,0,0,1,2,0.2,3.1225e-17,13.163
0.11035,0,0,1,2,0.2,3.1225e-17,13.174
0.11039,0,0,1,2,0.2,3.1225e-17,13.186
0.11043,0,0,1,2,0.2,3.1225e-17,13.197
0.11044,0,0,1,2,0.2,3.1225e-17,13.2
0.11046,0,0,1,2,0.2,3.1225e-17,13.208
0.1105,0,0,1,2,0.2,3.1225e-17,13.22
0.11054,0,0,1,2,0.2,3.1225e-17,13.231
0.11058,0,0,1,2,0.2,3.1225e-17,13.242
0.11062,0,0,1,2,0.2,3.1225e-17,13.254
0.11065,0,0,1,2,0.2,3.1225e-17,13.265
0.11069,0,0,1,2,0.2,3.1225e-17,13.277
0.11073,0,0,1,2,0.2,3.1225e-17,13.288
0.11076,0,0,1,2,0.2,3.1225e-17,13.299
0.11077,0,0,1,2,0.2,3.1225e-17,13.3
0.1108,0,0,1,2,0.2,3.1225e-17,13.311
0.11084,0,0,1,2,0.2,3.1225e-17,13.322
0.11087,0,0,1,2,0.2,3.1225e-17,13.333
0.11091,0,0,1,2,0.2,3.1225e-17,13.345
0.11094,0,0,1,2,0.2,3.1225e-17,13.356
0.11098,0,0,1,2,0.2,3.1225e-17,13.368
0.11101,0,0,1,2,0.2,3.1225e-17,13.379
0.11105,0,0,1,2,0.2,3.1225e-17,13.39
0.11108,0,0,1,2,0.2,3.1225e-17,13.4
0.11108,0,0,1,2,0.2,3.1225e-17,13.402
0.11112,0,0,1,2,0.2,3.1225e-17,13.413
0.11115,0,0,1,2,0.2,3.1225e-17,13.424
0.11119,0,0,1,2,0.2,3.1225e-17,13.436
0.11122,0,0,1,2,0.2,3.1225e-17,13.447
0.11126,0,0,1,2,0.2,3.1225e-17,13.459
0.11129,0,0,1,2,0.2,3.1225e-17,13.47
0.11132,0,0,1,2,0.2,3.1225e-17,13.481
0.11136,0,0,1,2,0.2,3.1225e-17,13.493
0.11138,0,0,1,2,0.2,3.1225e-17,13.5
0.11139,0,0,1,2,0.2,3.1225e-17,13.504
0.11142,0,0,1,2,0.2,3.1225e-17,13.515
0.11146,0,0,1,2,0.2,3.1225e-17,13.527
0.11149,0,0,1,2,0.2,3.1225e-17,13.538
0.11152,0,0,1,2,0.2,3.1225e-17,13.55
0.11155,0,0,1,2,0.2,3.1225e-17,13.561
0.11159,0,0,1,2,0.2,3.1225e-17,13.572
0.11162,0,0,1,2,0.2,3.1225e-17,13.584
0.11165,0,0,1,2,0.2,3.1225e-17,13.595
0.11167,0,0,1,2,0.2,3.1225e-17,13.6
0.11168,0,0,1,2,0.2,3.1225e-17,13.606
0.11171,0,0,1,2,0.2,3.1225e-17,13.618
0.11175,0,0,1,2,0.2,3.1225e-17,13.629
0.11178,0,0,1,2,0.2,3.1225e-17,13.641
0.11181,0,0,1,2,0.2,3.1225e-17,13.652
0.11184,0,0,1,2,0.2,3.1225e-17,13.663
0.11187,0,0,1,2,0.2,3.1225e-17,13.675
0.1119,0,0,1,2,0.2,3.1225e-17,13.686
0.11193,0,0,1,2,0.2,3.1225e-17,13.697
0.11194,0,0,1,2,0.2,3.1225e-17,13.7
0.11196,0,0,1,2,0.2,3.1225e-17,13.709
0.11199,0,0,1,2,0.2,3.1225e-17,13.72
0.11202,0,0,1,2,0.2,3.1225e-17,13.732
0.11205,0,0,1,2,0.2,3.1225e-17,13.743
0.11208,0,0,1,2,0.2,3.1225e-17,13.754
0.11211,0,0,1,2,0.2,3.1225e-17,13.766
0.11214,0,0,1,2,0.2,3.1225e-17,13.777
0.11217,0,0,1,2,0.2,3.1225e-17,13.788
0.1122,0,0,1,2,0.2,3.1225e-17,13.8
0.1122,0,0,1,2,0.2,3.1225e-17,13.8
0.11223,0,0,1,2,0.2,3.1225e-17,13.811
0.11226,0,0,1,2,0.2,3.1225e-17,13.823
0.11229,0,0,1,2,0.2,3.1225e-17,13.834
0.11232,0,0,1,2,0.2,3.1225e-17,13.845
0.11235,0,0,1,2,0.2,3.1225e-17,13.857
0.11237,0,0,1,2,0.2,3.1225e-17,13.868
0.1124,0,0,1,2,0.2,3.1225e-17,13.879
0.11243,0,0,1,2,0.2,3.1225e-17,13.891
0.11245,0,0,1,2,0.2,3.1225e-17,13.9
0.11246,0,0,1,2,0.2,3.1225e-17,13.902
0.11249,0,0,1,2,0.2,3.1225e-17,13.914
0.11251,0,0,1,2,0.2,3.1225e-17,13.925
0.11254,0,0,1,2,0.2,3.1225e-17,13.936
0.11257,0,0,1,2,0.2,3.1225e-17,13.948
0.1126,0,0,1,2,0.2,3.1225e-17,13.959
0.11262,0,0,1,2,0.2,3.1225e-17,13.97
0.11265,0,0,1,2,0.2,3.1225e-17,13.982
0.11268,0,0,1,2,0.2,3.1225e-17,13.993
0.11269,0,0,1,2,0.2,3.1225e-17,14
0.1127,0,0,1,2,0.2,3.1225e-17,14.005
0.11273,0,0,1,2,0.2,3.1225e-17,14.016
0.11276,0,0,1,2,0.2,3.1225e-17,14.027
0.11278,0,0,1,2,0.2,3.1225e-17,14.039
0.11281,0,0,1,2,0.2,3.1225e-17,14.05
0.11284,0,0,1,2,0.2,3.1225e-17,14.062
0.11286,0,0,1,2,0.2,3.1225e-17,14.073
0.11289,0,0,1,2,0.2,3.1225e-17,14.084
0.11291,0,0,1,2,0.2,3.1225e-17,14.096
0.11292,0,0,1,2,0.2,3.1225e-17,14.1
0.11294,0,0,1,2,0.2,3.1225e-17,14.107
0.11296,0,0,1,2,0.2,3.1225e-17,14.118
0.11299,0,0,1,2,0.2,3.1225e-17,14.13
0.11302,0,0,1,2,0.2,3.1225e-17,14.141
0.11304,0,0,1,2,0.2,3.1225e-17,14.153
0.11307,0,0,1,2,0.2,3.1225e-17,14.164
0.11309,0,0,1,2,0.2,3.1225e-17,14.175
0.11311,0,0,1,2,0.2,3.1225e-17,14.187
0.11314,0,0,1,2,0.2,3.1225e-17,14.198
0.11314,0,0,1,2,0.2,3.1225e-17,14.2
0.11316,0,0,1,2,0.2,3.1225e-17,14.209
0.11319,0,0,1,2,0.2,3.1225e-17,14.221
0.11321,0,0,1,2,0.2,3.1225e-17,14.232
0.11324,0,0,1,2,0.2,3.1225e-17,14.244
0.11326,0,0,1,2,0.2,3.1225e-17,14.255
0.11328,0,0,1,2,0.2,3.1225e-17,14.266
0.11331,0,0,1,2,0.2,3.1225e-17,14.278
0.11333,0,0,1,2,0.2,3.1225e-17,14.289
0.11335,0,0,1,2,0.2,3.1225e-17,14.3
0.11335,0,0,1,2,0.2,3.1225e-17,14.3
0.11338,0,0,1,2,0.2,3.1225e-17,14.312
0.1134,0,0,1,2,0.2,3.1225e-17,14.323
0.11342,0,0,1,2,0.2,3.1225e-17,14.335
0.11345,0,0,1,2,0.2,3.1225e-17,14.346
0.11347,0,0,1,2,0.2,3.1225e-17,14.357
0.11349,0,0,1,2,0.2,3.1225e-17,14.369
0.11352,0,0,1,2,0.2,3.1225e-17,14.38
0.11354,0,0,1,2,0.2,3.1225e-17,14.391
0.11356,0,0,1,2,0.2,3.1225e-17,14.4
0.11356,0,0,1,2,0.2,3.1225e-17,14.403
0.11358,0,0,1,2,0.2,3.1225e-17,14.414
0.11361,0,0,1,2,0.2,3.1225e-17,14.426
0.11363,0,0,1,2,0.2,3.1225e-17,14.437
0.11365,0,0,1,2,0.2,3.1225e-17,14.448
0.11367,0,0,1,2,0.2,3.1225e-17,14.46
0.11369,0,0,1,2,0.2,3.1225e-17,14.471
0.11371,0,0,1,2,0.2,3.1225e-17,14.482
0.11374,0,0,1,2,0.2,3.1225e-17,14.494
0.11375,0,0,1,2,0.2,3.1225e-17,14.5
0.11376,0,0,1,2,0.2,3.1225e-17,14.505
0.11378,0,0,1,2,0.2,3.1225e-17,14.517
0.1138,0,0,1,2,0.2,3.1225e-17,14.528
0.11382,0,0,1,2,0.2,3.1225e-17,14.539
0.11384,0,0,1,2,0.2,3.1225e-17,14.551
0.11386,0,0,1,2,0.2,3.1225e-17,14.562
0.11388,0,0,1,2,0.2,3.1225e-17,14.573
0.1139,0,0,1,2,0.2,3.1225e-17,14.585
0.11393,0,0,1,2,0.2,3.1225e-17,14.596
0.11393,0,0,1,2,0.2,3.1225e-17,14.6
0.11395,0,0,1,2,0.2,3.1225e-17,14.608
0.11397,0,0,1,2,0.2,3.1225e-17,14.619
0.11399,0,0,1,2,0.2,3.1225e-17,14.63
0.11401,0,0,1,2,0.2,3.1225e-17,14.642
0.11403,0,0,1,2,0.2,3.1225e-17,14.653
0.11405,0,0,1,2,0.2,3.1225e-17,14.664
0.11407,0,0,1,2,0.2,3.1225e-17,14.676
0.11409,0,0,1,2,0.2,3.1225e-17,14.687
0.11411,0,0,1,2,0.2,3.1225e-17,14.699
0.11411,0,0,1,2,0.2,3.1225e-17,14.7
0.11413,0,0,1,2,0.2,3.1225e-17,14.71
0.11415,0,0,1,2,0.2,3.1225e-17,14.721
0.11416,0,0,1,2,0.2,3.1225e-17,14.733
0.11418,0,0,1,2,0.2,3.1225e-17,14.744
0.1142,0,0,1,2,0.2,3.1225e-17,14.755
0.11422,0,0,1,2,0.2,3.1225e-17,14.767
0.11424,0,0,1,2,0.2,3.1225e-17,14.778
0.11426,0,0,1,2,0.2,3.1225e-17,14.79
0.11428,0,0,1,2,0.2,3.1225e-17,14.8
0.11428,0,0,1,2,0.2,3.1225e-17,14.801
0.1143,0,0,1,2,0.2,3.1225e-17,14.812
0.11432,0,0,1,2,0.2,3.1225e-17,14.824
0.11433,0,0,1,2,0.2,3.1225e-17,14.835
0.11435,0,0,1,2,0.2,3.1225e-17,14.846
0.11437,0,0,1,2,0.2,3.1225e-17,14.858
0.11439,0,0,1,2,0.2,3.1225e-17,14.869
0.11441,0,0,1,2,0.2,3.1225e-17,14.881
0.11443,0,0,1,2,0.2,3.1225e-17,14.892
0.11444,0,0,1,2,0.2,3.1225e-17,14.9
0.11444,0,0,1,2,0.2,3.1225e-17,14.903
0.11446,0,0,1,2,0.2,3.1225e-17,14.915
0.11448,0,0,1,2,0.2,3.1225e-17,14.926
0.1145,0,0,1,2,0.2,3.1225e-17,14.937
0.11452,0,0,1,2,0.2,3.1225e-17,14.949
0.11453,0,0,1,2,0.2,3.1225e-17,14.96
0.11455,0,0,1,2,0.2,3.1225e-17,14.972
0.11457,0,0,1,2,0.2,3.1225e-17,14.983
0.11458,0,0,1,2,0.2,3.1225e-17,14.994
0.11459,0,0,1,2,0.2,3.1225e-17,15
0.1146,0,0,1,2,0.2,3.1225e-17,15.006
0.11462,0,0,1,2,0.2,3.1225e-17,15.017
0.11464,0,0,1,2,0.2,3.1225e-17,15.028
0.11465,0,0,1,2,0.2,3.1225e-17,15.04
0.11467,0,0,1,2,0.2,3.1225e-17,15.051
0.11469,0,0,1,2,0.2,3.1225e-17,15.063
0.1147,0,0,1,2,0.2,3.1225e-17,15.074
0.11472,0,0,1,2,0.2,3.1225e-17,15.085
0.11474,0,0,1,2,0.2,3.1225e-17,15.097
0.11474,0,0,1,2,0.2,3.1225e-17,15.1
0.11475,0,0,1,2,0.2,3.1225e-17,15.108
0.11477,0,0,1,2,0.2,3.1225e-17,15.119
0.11479,0,0,1,2,0.2,3.1225e-17,15.131
0.1148,0,0,1,2,0.2,3.1225e-17,15.142
0.11482,0,0,1,2,0.2,3.1225e-17,15.154
0.11483,0,0,1,2,0.2,3.1225e-17,15.165
0.11485,0,0,1,2,0.2,3.1225e-17,15.176
0.11487,0,0,1,2,0.2,3.1225e-17,15.188
0.11488,0,0,1,2,0.2,3.1225e-17,15.199
0.11488,0,0,1,2,0.2,3.1225e-17,15.2
0.1149,0,0,1,2,0.2,3.1225e-17,15.21
0.11491,0,0,1,2,0.2,3.1225e-17,15.222
0.11493,0,0,1,2,0.2,3.1225e-17,15.233
0.11494,0,0,1,2,0.2,3.1225e-17,15.245
0.11496,0,0,1,2,0.2,3.1225e-17,15.256
0.11497,0,0,1,2,0.2,3.1225e-17,15.267
0.11499,0,0,1,2,0.2,3.1225e-17,15.279
0.115,0,0,1,2,0.2,3.1225e-17,15.29
0.11502,0,0,1,2,0.2,3.1225e-17,15.3
0.11502,0,0,1,2,0.2,3.1225e-17,15.301
0.11503,0,0,1,2,0.2,3.1225e-17,15.313
0.11505,0,0,1,2,0.2,3.1225e-17,15.324
0.11506,0,0,1,2,0.2,3.1225e-17,15.336
0.11508,0,0,1,2,0.2,3.1225e-17,15.347
0.11509,0,0,1,2,0.2,3.1225e-17,15.358
0.11511,0,0,1,2,0.2,3.1225e-17,15.37
0.11512,0,0,1,2,0.2,3.1225e-17,15.381
0.11514,0,0,1,2,0.2,3.1225e-17,15.393
0.11515,0,0,1,2,0.2,3.1225e-17,15.4
0.11515,0,0,1,2,0.2,3.1225e-17,15.404
0.11517,0,0,1,2,0.2,3.1225e-17,15.415
0.11518,0,0,1,2,0.2,3.1225e-17,15.427
0.11519,0,0,1,2,0.2,3.1225e-17,15.438
0.11521,0,0,1,2,0.2,3.1225e-17,15.449
0.11522,0,0,1,2,0.2,3.1225e-17,15.461
0.11524,0,0,1,2,0.2,3.1225e-17,15.472
0.11525,0,0,1,2,0.2,3.1225e-17,15.484
0.11526,0,0,1,2,0.2,3.1225e-17,15.495
0.11527,0,0,1,2,0.2,3.1225e-17,15.5
0.11528,0,0,1,2,0.2,3.1225e-17,15.506
0.11529,0,0,1,2,0.2,3.1225e-17,15.518
0.11531,0,0,1,2,0.2,3.1225e-17,15.529
0.11532,0,0,1,2,0.2,3.1225e-17,15.54
0.11533,0,0,1,2,0.2,3.1225e-17,15.552
0.11535,0,0,1,2,0.2,3.1225e-17,15.563
0.11536,0,0,1,2,0.2,3.1225e-17,15.575
0.11537,0,0,1,2,0.2,3.1225e-17,15.586
0.11539,0,0,1,2,0.2,3.1225e-17,15.597
0.11539,0,0,1,2,0.2,3.1225e-17,15.6
0.1154,0,0,1,2,0.2,3.1225e-17,15.609
0.11541,0,0,1,2,0.2,3.1225e-17,15.62
0.11543,0,0,1,2,0.2,3.1225e-17,15.631
0.11544,0,0,1,2,0.2,3.1225e-17,15.643
0.11545,0,0,1,2,0.2,3.1225e-17,15.654
0.11546,0,0,1,2,0.2,3.1225e-17,15.666
0.11548,0,0,1,2,0.2,3.1225e-17,15.677
0.11549,0,0,1,2,0.2,3.1225e-17,15.688
0.1155,0,0,1,2,0.2,3.1225e-17,15.7
0.1155,0,0,1,2,0.2,3.1225e-17,15.7
0.11551,0,0,1,2,0.2,3.1225e-17,15.711
0.11553,0,0,1,2,0.2,3.1225e-17,15.722
0.11554,0,0,1,2,0.2,3.1225e-17,15.734
0.11555,0,0,1,2,0.2,3.1225e-17,15.745
0.11556,0,0,1,2,0.2,3.1225e-17,15.757
0.11558,0,0,1,2,0.2,3.1225e-17,15.768
0.11559,0,0,1,2,0.2,3.1225e-17,15.779
0.1156,0,0,1,2,0.2,3.1225e-17,15.791
0.11561,0,0,1,2,0.2,3.1225e-17,15.8
0.11561,0,0,1,2,0.2,3.1225e-17,15.802
0.11562,0,0,1,2,0.2,3.1225e-17,15.813
0.11564,0,0,1,2,0.2,3.1225e-17,15.825
0.11565,0,0,1,2,0.2,3.1225e-17,15.836
0.11566,0,0,1,2,0.2,3.1225e-17,15.848
0.11567,0,0,1,2,0.2,3.1225e-17,15.859
0.11568,0,0,1,2,0.2,3.1225e-17,15.87
0.1157,0,0,1,2,0.2,3.1225e-17,15.882
0.11571,0,0,1,2,0.2,3.1225e-17,15.893
0.11571,0,0,1,2,0.2,3.1225e-17,15.9
0.11572,0,0,1,2,0.2,3.1225e-17,15.904
0.11573,0,0,1,2,0.2,3.1225e-17,15.916
0.11574,0,0,1,2,0.2,3.1225e-17,15.927
0.11575,0,0,1,2,0.2,3.1225e-17,15.939
0.11576,0,0,1,2,0.2,3.1225e-17,15.95
0.11578,0,0,1,2,0.2,3.1225e-17,15.961
0.11579,0,0,1,2,0.2,3.1225e-17,15.973
0.1158,0,0,1,2,0.2,3.1225e-17,15.984
0.11581,0,0,1,2,0.2,3.1225e-17,15.996
0.11581,0,0,1,2,0.2,3.1225e-17,16
0.11582,0,0,1,2,0.2,3.1225e-17,16.007
0.11583,0,0,1,2,0.2,3.1225e-17,16.018
0.11584,0,0,1,2,0.2,3.1225e-17,16.03
0.11585,0,0,1,2,0.2,3.1225e-17,16.041
0.11586,0,0,1,2,0.2,3.1225e-17,16.052
0.11587,0,0,1,2,0.2,3.1225e-17,16.064
0.11588,0,0,1,2,0.2,3.1225e-17,16.075
0.1159,0,0,1,2,0.2,3.1225e-17,16.087
0.11591,0,0,1,2,0.2,3.1225e-17,16.098
0.11591,0,0,1,2,0.2,3.1225e-17,16.1
0.11592,0,0,1,2,0.2,3.1225e-17,16.109
0.11593,0,0,1,2,0.2,3.1225e-17,16.121
0.11594,0,0,1,2,0.2,3.1225e-17,16.132
0.11595,0,0,1,2,0.2,3.1225e-17,16.143
0.11596,0,0,1,2,0.2,3.1225e-17,16.155
0.11597,0,0,1,2,0.2,3.1225e-17,16.166
0.11598,0,0,1,2,0.2,3.1225e-17,16.178
0.11599,0,0,1,2,0.2,3.1225e-17,16.189
0.116,0,0,1,2,0.2,3.1225e-17,16.2
0.116,0,0,1,2,0.2,3.1225e-17,16.2
0.11601,0,0,1,2,0.2,3.1225e-17,16.212
0.11602,0,0,1,2,0.2,3.1225e-17,16.223
0.11603,0,0,1,2,0.2,3.1225e-17,16.234
0.11604,0,0,1,2,0.2,3.1225e-17,16.246
0.11605,0,0,1,2,0.2,3.1225e-17,16.257
0.11606,0,0,1,2,0.2,3.1225e-17,16.269
0.11607,0,0,1,2,0.2,3.1225e-17,16.28
0.11608,0,0,1,2,0.2,3.1225e-17,16.291
0.11609,0,0,1,2,0.2,3.1225e-17,16.3
0.11609,0,0,1,2,0.2,3.1225e-17,16.303
0.1161,0,0,1,2,0.2,3.1225e-17,16.314
0.11611,0,0,1,2,0.2,3.1225e-17,16.325
0.11612,0,0,1,2,0.2,3.1225e-17,16.337
0.11613,0,0,1,2,0.2,3.1225e-17,16.348
0.11614,0,0,1,2,0.2,3.1225e-17,16.36
0.11614,0,0,1,2,0.2,3.1225e-17,16.371
0.11615,0,0,1,2,0.2,3.1225e-17,16.382
0.11616,0,0,1,2,0.2,3.1225e-17,16.394
0.11617,0,0,1,2,0.2,3.1225e-17,16.4
0.11617,0,0,1,2,0.2,3.1225e-17,16.405
0.11618,0,0,1,2,0.2,3.1225e-17,16.416
0.11619,0,0,1,2,0.2,3.1225e-17,16.428
0.1162,0,0,1,2,0.2,3.1225e-17,16.439
0.11621,0,0,1,2,0.2,3.1225e-17,16.451
0.11622,0,0,1,2,0.2,3.1225e-17,16.462
0.11623,0,0,1,2,0.2,3.1225e-17,16.473
0.11624,0,0,1,2,0.2,3.1225e-17,16.485
0.11624,0,0,1,2,0.2,3.1225e-17,16.496
0.11625,0,0,1,2,0.2,3.1225e-17,16.5
0.11625,0,0,1,2,0.2,3.1225e-17,16.507
0.11626,0,0,1,2,0.2,3.1225e-17,16.519
0.11627,0,0,1,2,0.2,3.1225e-17,16.53
0.11628,0,0,1,2,0.2,3.1225e-17,16.542
0.11629,0,0,1,2,0.2,3.1225e-17,16.553
0.1163,0,0,1,2,0.2,3.1225e-17,16.564
0.11631,0,0,1,2,0.2,3.1225e-17,16.576
0.11631,0,0,1,2,0.2,3.1225e-17,16.587
0.11632,0,0,1,2,0.2,3.1225e-17,16.599
0.11632,0,0,1,2,0.2,3.1225e-17,16.6
0.11633,0,0,1,2,0.2,3.1225e-17,16.61
0.11634,0,0,1,2,0.2,3.1225e-17,16.621
0.11635,0,0,1,2,0.2,3.1225e-17,16.633
0.11636,0,0,1,2,0.2,3.1225e-17,16.644
0.11636,0,0,1,2,0.2,3.1225e-17,16.655
0.11637,0,0,1,2,0.2,3.1225e-17,16.667
0.11638,0,0,1,2,0.2,3.1225e-17,16.678
0.11639,0,0,1,2,0.2,3.1225e-17,16.69
0.1164,0,0,1,2,0.2,3.1225e-17,16.7
0.1164,0,0,1,2,0.2,3.1225e-17,16.701
0.11641,0,0,1,2,0.2,3.1225e-17,16.712
0.11641,0,0,1,2,0.2,3.1225e-17,16.724
0.11642,0,0,1,2,0.2,3.1225e-17,16.735
0.11643,0,0,1,2,0.2,3.1225e-17,16.746
0.11644,0,0,1,2,0.2,3.1225e-17,16.758
0.11644,0,0,1,2,0.2,3.1225e-17,16.769
0.11645,0,0,1,2,0.2,3.1225e-17,16.781
0.11646,0,0,1,2,0.2,3.1225e-17,16.792
0.11647,0,0,1,2,0.2,3.1225e-17,16.8
0.11647,0,0,1,2,0.2,3.1225e-17,16.803
0.11648,0,0,1,2,0.2,3.1225e-17,16.815
0.11648,0,0,1,2,0.2,3.1225e-17,16.826
0.11649,0,0,1,2,0.2,3.1225e-17,16.837
0.1165,0,0,1,2,0.2,3.1225e-17,16.849
0.11651,0,0,1,2,0.2,3.1225e-17,16.86
0.11651,0,0,1,2,0.2,3.1225e-17,16.872
0.11652,0,0,1,2,0.2,3.1225e-17,16.883
0.11653,0,0,1,2,0.2,3.1225e-17,16.894
0.11653,0,0,1,2,0.2,3.1225e-17,16.9
0.11654,0,0,1,2,0.2,3.1225e-17,16.906
0.11654,0,0,1,2,0.2,3.1225e-17,16.917
0.11655,0,0,1,2,0.2,3.1225e-17,16.928
0.11656,0,0,1,2,0.2,3.1225e-17,16.94
0.11657,0,0,1,2,0.2,3.1225e-17,16.951
0.11657,0,0,1,2,0.2,3.1225e-17,16.963
0.11658,0,0,1,2,0.2,3.1225e-17,16.974
0.11659,0,0,1,2,0.2,3.1225e-17,16.985
0.11659,0,0,1,2,0.2,3.1225e-17,16.997
0.1166,0,0,1,2,0.2,3.1225e-17,17
0.1166,0,0,1,2,0.2,3.1225e-17,17.008
0.11661,0,0,1,2,0.2,3.1225e-17,17.019
0.11662,0,0,1,2,0.2,3.1225e-17,17.031
0.11662,0,0,1,2,0.2,3.1225e-17,17.042
0.11663,0,0,1,2,0.2,3.1225e-17,17.054
0.11664,0,0,1,2,0.2,3.1225e-17,17.065
0.11664,0,0,1,2,0.2,3.1225e-17,17.076
0.11665,0,0,1,2,0.2,3.1225e-17,17.088
0.11666,0,0,1,2,0.2,3.1225e-17,17.099
0.11666,0,0,1,2,0.2,3.1225e-17,17.1
0.11666,0,0,1,2,0.2,3.1225e-17,17.11
0.11667,0,0,1,2,0.2,3.1225e-17,17.122
0.11668,0,0,1,2,0.2,3.1225e-17,17.133
0.11668,0,0,1,2,0.2,3.1225e-17,17.145
0.11669,0,0,1,2,0.2,3.1225e-17,17.156
0.1167,0,0,1,2,0.2,3.1225e-17,17.167
0.1167,0,0,1,2,0.2,3.1225e-17,17.179
0.11671,0,0,1,2,0.2,3.1225e-17,17.19
0.11672,0,0,1,2,0.2,3.1225e-17,17.2
0.11672,0,0,1,2,0.2,3.1225e-17,17.201
0.11672,0,0,1,2,0.2,3.1225e-17,17.213
0.11673,0,0,1,2,0.2,3.1225e-17,17.224
0.11674,0,0,1,2,0.2,3.1225e-17,17.236
0.11674,0,0,1,2,0.2,3.1225e-17,17.247
0.11675,0,0,1,2,0.2,3.1225e-17,17.258
0.11675,0,0,1,2,0.2,3.1225e-17,17.27
0.11676,0,0,1,2,0.2,3.1225e-17,17.281
0.11677,0,0,1,2,0.2,3.1225e-17,17.292
0.11677,0,0,1,2,0.2,3.1225e-17,17.3
0.11677,0,0,1,2,0.2,3.1225e-17,17.304
0.11678,0,0,1,2,0.2,3.1225e-17,17.315
0.11679,0,0,1,2,0.2,3.1225e-17,17.327
0.11679,0,0,1,2,0.2,3.1225e-17,17.338
0.1168,0,0,1,2,0.2,3.1225e-17,17.349
0.1168,0,0,1,2,0.2,3.1225e-17,17.361
0.11681,0,0,1,2,0.2,3.1225e-17,17.372
0.11682,0,0,1,2,0.2,3.1225e-17,17.383
0.11682,0,0,1,2,0.2,3.1225e-17,17.395
0.11682,0,0,1,2,0.2,3.1225e-17,17.4
0.11683,0,0,1,2,0.2,3.1225e-17,17.406
0.11683,0,0,1,2,0.2,3.1225e-17,17.418
0.11684,0,0,1,2,0.2,3.1225e-17,17.429
0.11684,0,0,1,2,0.2,3.1225e-17,17.44
0.11685,0,0,1,2,0.2,3.1225e-17,17.452
0.11686,0,0,1,2,0.2,3.1225e-17,17.463
0.11686,0,0,1,2,0.2,3.1225e-17,17.474
0.11687,0,0,1,2,0.2,3.1225e-17,17.486
0.11687,0,0,1,2,0.2,3.1225e-17,17.497
0.11687,0,0,1,2,0.2,3.1225e-17,17.5
0.11688,0,0,1,2,0.2,3.1225e-17,17.509
0.11688,0,0,1,2,0.2,3.1225e-17,17.52
0.11689,0,0,1,2,0.2,3.1225e-17,17.531
0.1169,0,0,1,2,0.2,3.1225e-17,17.543
0.1169,0,0,1,2,0.2,3.1225e-17,17.554
0.11691,0,0,1,2,0.2,3.1225e-17,17.565
0.11691,0,0,1,2,0.2,3.1225e-17,17.577
0.11692,0,0,1,2,0.2,3.1225e-17,17.588
0.11692,0,0,1,2,0.2,3.1225e-17,17.6
0.11692,0,0,1,2,0.2,3.1225e-17,17.6
0.11693,0,0,1,2,0.2,3.1225e-17,17.611
0.11693,0,0,1,2,0.2,3.1225e-17,17.622
0.11694,0,0,1,2,0.2,3.1225e-17,17.634
0.11694,0,0,1,2,0.2,3.1225e-17,17.645
0.11695,0,0,1,2,0.2,3.1225e-17,17.656
0.11696,0,0,1,2,0.2,3.1225e-17,17.668
0.11696,0,0,1,2,0.2,3.1225e-17,17.679
0.11697,0,0,1,2,0.2,3.1225e-17,17.691
0.11697,0,0,1,2,0.2,3.1225e-17,17.7
0.11697,0,0,1,2,0.2,3.1225e-17,17.702
0.11698,0,0,1,2,0.2,3.1225e-17,17.713
0.11698,0,0,1,2,0.2,3.1225e-17,17.725
0.11699,0,0,1,2,0.2,3.1225e-17,17.736
0.11699,0,0,1,2,0.2,3.1225e-17,17.747
0.117,0,0,1,2,0.2,3.1225e-17,17.759
0.117,0,0,1,2,0.2,3.1225e-17,17.77
0.11701,0,0,1,2,0.2,3.1225e-17,17.782
0.11701,0,0,1,2,0.2,3.1225e-17,17.793
0.11701,0,0,1,2,0.2,3.1225e-17,17.8
0.11702,0,0,1,2,0.2,3.1225e-17,17.804
0.11702,0,0,1,2,0.2,3.1225e-17,17.816
0.11703,0,0,1,2,0.2,3.1225e-17,17.827
0.11703,0,0,1,2,0.2,3.1225e-17,17.838
0.11704,0,0,1,2,0.2,3.1225e-17,17.85
0.11704,0,0,1,2,0.2,3.1225e-17,17.861
0.11705,0,0,1,2,0.2,3.1225e-17,17.873
0.11705,0,0,1,2,0.2,3.1225e-17,17.884
0.11706,0,0,1,2,0.2,3.1225e-17,17.895
0.11706,0,0,1,2,0.2,3.1225e-17,17.9
0.11706,0,0,1,2,0.2,3.1225e-17,17.907
0.11706,0,0,1,2,0.2,3.1225e-17,17.918
0.11707,0,0,1,2,0.2,3.1225e-17,17.929
0.11707,0,0,1,2,0.2,3.1225e-17,17.941
0.11708,0,0,1,2,0.2,3.1225e-17,17.952
0.11708,0,0,1,2,0.2,3.1225e-17,17.964
0.11709,0,0,1,2,0.2,3.1225e-17,17.975
0.11709,0,0,1,2,0.2,3.1225e-17,17.986
0.1171,0,0,1,2,0.2,3.1225e-17,17.998
0.1171,0,0,1,2,0.2,3.1225e-17,18
0.1171,0,0,1,2,0.2,3.1225e-17,18.009
0.11711,0,0,1,2,0.2,3.1225e-17,18.02
0.11711,0,0,1,2,0.2,3.1225e-17,18.032
0.11712,0,0,1,2,0.2,3.1225e-17,18.043
0.11712,0,0,1,2,0.2,3.1225e-17,18.055
0.11712,0,0,1,2,0.2,3.1225e-17,18.066
0.11713,0,0,1,2,0.2,3.1225e-17,18.077
0.11713,0,0,1,2,0.2,3.1225e-17,18.089
0.11714,0,0,1,2,0.2,3.1225e-17,18.1
0.11714,0,0,1,2,0.2,3.1225e-17,18.1
0.11714,0,0,1,2,0.2,3.1225e-17,18.112
0.11715,0,0,1,2,0.2,3.1225e-17,18.123
0.11715,0,0,1,2,0.2,3.1225e-17,18.134
0.11715,0,0,1,2,0.2,3.1225e-17,18.146
0.11716,0,0,1,2,0.2,3.1225e-17,18.157
0.11716,0,0,1,2,0.2,3.1225e-17,18.168
0.11717,0,0,1,2,0.2,3.1225e-17,18.18
0.11717,0,0,1,2,0.2,3.1225e-17,18.191
0.11717,0,0,1,2,0.2,3.1225e-17,18.2
0.11718,0,0,1,2,0.2,3.1225e-17,18.203
0.11718,0,0,1,2,0.2,3.1225e-17,18.214
0.11718,0,0,1,2,0.2,3.1225e-17,18.225
0.11719,0,0,1,2,0.2,3.1225e-17,18.237
0.11719,0,0,1,2,0.2,3.1225e-17,18.248
0.1172,0,0,1,2,0.2,3.1225e-17,18.259
0.1172,0,0,1,2,0.2,3.1225e-17,18.271
0.1172,0,0,1,2,0.2,3.1225e-17,18.282
0.11721,0,0,1,2,0.2,3.1225e-17,18.294
0.11721,0,0,1,2,0.2,3.1225e-17,18.3
0.11721,0,0,1,2,0.2,3.1225e-17,18.305
0.11722,0,0,1,2,0.2,3.1225e-17,18.316
0.11722,0,0,1,2,0.2,3.1225e-17,18.328
0.11722,0,0,1,2,0.2,3.1225e-17,18.339
0.11723,0,0,1,2,0.2,3.1225e-17,18.35
0.11723,0,0,1,2,0.2,3.1225e-17,18.362
0.11724,0,0,1,2,0.2,3.1225e-17,18.373
0.11724,0,0,1,2,0.2,3.1225e-17,18.385
0.11724,0,0,1,2,0.2,3.1225e-17,18.396
0.11724,0,0,1,2,0.2,3.1225e-17,18.4
0.11725,0,0,1,2,0.2,3.1225e-17,18.407
0.11725,0,0,1,2,0.2,3.1225e-17,18.419
0.11725,0,0,1,2,0.2,3.1225e-17,18.43
0.11726,0,0,1,2,0.2,3.1225e-17,18.441
0.11726,0,0,1,2,0.2,3.1225e-17,18.453
0.11727,0,0,1,2,0.2,3.1225e-17,18.464
0.11727,0,0,1,2,0.2,3.1225e-17,18.476
0.11727,0,0,1,2,0.2,3.1225e-17,18.487
0.11728,0,0,1,2,0.2,3.1225e-17,18.498
0.11728,0,0,1,2,0.2,3.1225e-17,18.5
0.11728,0,0,1,2,0.2,3.1225e-17,18.51
0.11728,0,0,1,2,0.2,3.1225e-17,18.521
0.11729,0,0,1,2,0.2,3.1225e-17,18.532
0.11729,0,0,1,2,0.2,3.1225e-17,18.544
0.11729,0,0,1,2,0.2,3.1225e-17,18.555
0.1173,0,0,1,2,0.2,3.1225e-17,18.567
0.1173,0,0,1,2,0.2,3.1225e-17,18.578
0.11731,0,0,1,2,0.2,3.1225e-17,18.589
0.11731,0,0,1,2,0.2,3.1225e-17,18.6
0.11731,0,0,1,2,0.2,3.1225e-17,18.601
0.11731,0,0,1,2,0.2,3.1225e-17,18.612
0.11732,0,0,1,2,0.2,3.1225e-17,18.623
0.11732,0,0,1,2,0.2,3.1225e-17,18.635
0.11732,0,0,1,2,0.2,3.1225e-17,18.646
0.11733,0,0,1,2,0.2,3.1225e-17,18.658
0.11733,0,0,1,2,0.2,3.1225e-17,18.669
0.11733,0,0,1,2,0.2,3.1225e-17,18.68
0.11734,0,0,1,2,0.2,3.1225e-17,18.692
0.11734,0,0,1,2,0.2,3.1225e-17,18.7
0.11734,0,0,1,2,0.2,3.1225e-17,18.703
0.11734,0,0,1,2,0.2,3.1225e-17,18.714
0.11735,0,0,1,2,0.2,3.1225e-17,18.726
0.11735,0,0,1,2,0.2,3.1225e-17,18.737
0.11735,0,0,1,2,0.2,3.1225e-17,18.749
0.11736,0,0,1,2,0.2,3.1225e-17,18.76
0.11736,0,0,1,2,0.2,3.1225e-17,18.771
0.11736,0,0,1,2,0.2,3.1225e-17,18.783
0.11737,0,0,1,2,0.2,3.1225e-17,18.794
0.11737,0,0,1,2,0.2,3.1225e-17,18.8
0.11737,0,0,1,2,0.2,3.1225e-17,18.805
0.11737,0,0,1,2,0.2,3.1225e-17,18.817
0.11737,0,0,1,2,0.2,3.1225e-17,18.828
0.11738,0,0,1,2,0.2,3.1225e-17,18.84
0.11738,0,0,1,2,0.2,3.1225e-17,18.851
0.11738,0,0,1,2,0.2,3.1225e-17,18.862
0.11739,0,0,1,2,0.2,3.1225e-17,18.874
0.11739,0,0,1,2,0.2,3.1225e-17,18.885
0.11739,0,0,1,2,0.2,3.1225e-17,18.897
0.11739,0,0,1,2,0.2,3.1225e-17,18.9
0.1174,0,0,1,2,0.2,3.1225e-17,18.908
0.1174,0,0,1,2,0.2,3.1225e-17,18.919
0.1174,0,0,1,2,0.2,3.1225e-17,18.931
0.11741,0,0,1,2,0.2,3.1225e-17,18.942
0.11741,0,0,1,2,0.2,3.1225e-17,18.953
0.11741,0,0,1,2,0.2,3.1225e-17,18.965
0.11741,0,0,1,2,0.2,3.1225e-17,18.976
0.11742,0,0,1,2,0.2,3.1225e-17,18.988
0.11742,0,0,1,2,0.2,3.1225e-17,18.999
0.11742,0,0,1,2,0.2,3.1225e-17,19
0.11742,0,0,1,2,0.2,3.1225e-17,19.01
0.11743,0,0,1,2,0.2,3.1225e-17,19.022
0.11743,0,0,1,2,0.2,3.1225e-17,19.033
0.11743,0,0,1,2,0.2,3.1225e-17,19.044
0.11743,0,0,1,2,0.2,3.1225e-17,19.056
0.11744,0,0,1,2,0.2,3.1225e-17,19.067
0.11744,0,0,1,2,0.2,3.1225e-17,19.079
0.11744,0,0,1,2,0.2,3.1225e-17,19.09
0.11745,0,0,1,2,0.2,3.1225e-17,19.1
0.11745,0,0,1,2,0.2,3.1225e-17,19.101
0.11745,0,0,1,2,0.2,3.1225e-17,19.113
0.11745,0,0,1,2,0.2,3.1225e-17,19.124
0.11745,0,0,1,2,0.2,3.1225e-17,19.135
0.11746,0,0,1,2,0.2,3.1225e-17,19.147
0.11746,0,0,1,2,0.2,3.1225e-17,19.158
0.11746,0,0,1,2,0.2,3.1225e-17,19.17
0.11746,0,0,1,2,0.2,3.1225e-17,19.181
0.11747,0,0,1,2,0.2,3.1225e-17,19.192
0.11747,0,0,1,2,0.2,3.1225e-17,19.2
0.11747,0,0,1,2,0.2,3.1225e-17,19.204
0.11747,0,0,1,2,0.2,3.1225e-17,19.215
0.11748,0,0,1,2,0.2,3.1225e-17,19.226
0.11748,0,0,1,2,0.2,3.1225e-17,19.238
0.11748,0,0,1,2,0.2,3.1225e-17,19.249
0.11748,0,0,1,2,0.2,3.1225e-17,19.261
0.11749,0,0,1,2,0.2,3.1225e-17,19.272
0.11749,0,0,1,2,0.2,3.1225e-17,19.283
0.11749,0,0,1,2,0.2,3.1225e-17,19.295
0.11749,0,0,1,2,0.2,3.1225e-17,19.3
0.11749,0,0,1,2,0.2,3.1225e-17,19.306
0.1175,0,0,1,2,0.2,3.1225e-17,19.317
0.1175,0,0,1,2,0.2,3.1225e-17,19.329
0.1175,0,0,1,2,0.2,3.1225e-17,19.34
0.1175,0,0,1,2,0.2,3.1225e-17,19.352
0.11751,0,0,1,2,0.2,3.1225e-17,19.363
0.11751,0,0,1,2,0.2,3.1225e-17,19.374
0.11751,0,0,1,2,0.2,3.1225e-17,19.386
0.11751,0,0,1,2,0.2,3.1225e-17,19.397
0.11751,0,0,1,2,0.2,3.1225e-17,19.4
0.11752,0,0,1,2,0.2,3.1225e-17,19.408
0.11752,0,0,1,2,0.2,3.1225e-17,19.42
0.11752,0,0,1,2,0.2,3.1225e-17,19.431
0.11752,0,0,1,2,0.2,3.1225e-17,19.443
0.11753,0,0,1,2,0.2,3.1225e-17,19.454
0.11753,0,0,1,2,0.2,3.1225e-17,19.465
0.11753,0,0,1,2,0.2,3.1225e-17,19.477
0.11753,0,0,1,2,0.2,3.1225e-17,19.488
0.11753,0,0,1,2,0.2,3.1225e-17,19.5
0.11753,0,0,1,2,0.2,3.1225e-17,19.5
0.11754,0,0,1,2,0.2,3.1225e-17,19.511
0.11754,0,0,1,2,0.2,3.1225e-17,19.522
0.11754,0,0,1,2,0.2,3.1225e-17,19.534
0.11754,0,0,1,2,0.2,3.1225e-17,19.545
0.11755,0,0,1,2,0.2,3.1225e-17,19.556
0.11755,0,0,1,2,0.2,3.1225e-17,19.568
0.11755,0,0,1,2,0.2,3.1225e-17,19.579
0.11755,0,0,1,2,0.2,3.1225e-17,19.591
0.11755,0,0,1,2,0.2,3.1225e-17,19.6
0.11756,0,0,1,2,0.2,3.1225e-17,19.602
0.11756,0,0,1,2,0.2,3.1225e-17,19.613
0.11756,0,0,1,2,0.2,3.1225e-17,19.625
0.11756,0,0,1,2,0.2,3.1225e-17,19.636
0.11756,0,0,1,2,0.2,3.1225e-17,19.647
0.11757,0,0,1,2,0.2,3.1225e-17,19.659
0.11757,0,0,1,2,0.2,3.1225e-17,19.67
0.11757,0,0,1,2,0.2,3.1225e-17,19.682
0.11757,0,0,1,2,0.2,3.1225e-17,19.693
0.11757,0,0,1,2,0.2,3.1225e-17,19.7
0.11757,0,0,1,2,0.2,3.1225e-17,19.704
0.11758,0,0,1,2,0.2,3.1225e-17,19.716
0.11758,0,0,1,2,0.2,3.1225e-17,19.727
0.11758,0,0,1,2,0.2,3.1225e-17,19.738
0.11758,0,0,1,2,0.2,3.1225e-17,19.75
0.11759,0,0,1,2,0.2,3.1225e-17,19.761
0.11759,0,0,1,2,0.2,3.1225e-17,19.773
0.11759,0,0,1,2,0.2,3.1225e-17,19.784
0.11759,0,0,1,2,0.2,3.1225e-17,19.795
0.11759,0,0,1,2,0.2,3.1225e-17,19.8
0.11759,0,0,1,2,0.2,3.1225e-17,19.807
0.1176,0,0,1,2,0.2,3.1225e-17,19.818
0.1176,0,0,1,2,0.2,3.1225e-17,19.829
0.1176,0,0,1,2,0.2,3.1225e-17,19.841
0.1176,0,0,1,2,0.2,3.1225e-17,19.852
0.1176,0,0,1,2,0.2,3.1225e-17,19.864
0.11761,0,0,1,2,0.2,3.1225e-17,19.875
0.11761,0,0,1,2,0.2,3.1225e-17,19.886
0.11761,0,0,1,2,0.2,3.1225e-17,19.898
0.11761,0,0,1,2,0.2,3.1225e-17,19.9
0.11761,0,0,1,2,0.2,3.1225e-17,19.909
0.11761,0,0,1,2,0.2,3.1225e-17,19.92
0.11762,0,0,1,2,0.2,3.1225e-17,19.932
0.11762,0,0,1,2,0.2,3.1225e-17,19.943
0.11762,0,0,1,2,0.2,3.1225e-17,19.955
0.11762,0,0,1,2,0.2,3.1225e-17,19.966
0.11762,0,0,1,2,0.2,3.1225e-17,19.977
0.11762,0,0,1,2,0.2,3.1225e-17,19.989
0.11763,0,0,1,2,0.2,3.1225e-17,20
0.11763,0,0,1,2,0.2,3.1225e-17,20.011
0.11763,0,0,1,2,0.2,3.1225e-17,20.023
0.11763,0,0,1,2,0.2,3.1225e-17,20.034
0.11763,0,0,1,2,0.2,3.1225e-17,20.046
0.11764,0,0,1,2,0.2,3.1225e-17,20.057
0.11764,0,0,1,2,0.2,3.1225e-17,20.068
0.11764,0,0,1,2,0.2,3.1225e-17,20.08
0.11764,0,0,1,2,0.2,3.1225e-17,20.091
0.11764,0,0,1,2,0.2,3.1225e-17,20.1
0.11764,0,0,1,2,0.2,3.1225e-17,20.102
0.11764,0,0,1,2,0.2,3.1225e-17,20.114
0.11765,0,0,1,2,0.2,3.1225e-17,20.125
0.11765,0,0,1,2,0.2,3.1225e-17,20.137
0.11765,0,0,1,2,0.2,3.1225e-17,20.148
0.11765,0,0,1,2,0.2,3.1225e-17,20.159
0.11765,0,0,1,2,0.2,3.1225e-17,20.171
0.11766,0,0,1,2,0.2,3.1225e-17,20.182
0.11766,0,0,1,2,0.2,3.1225e-17,20.194
0.11766,0,0,1,2,0.2,3.1225e-17,20.2
0.11766,0,0,1,2,0.2,3.1225e-17,20.205
0.11766,0,0,1,2,0.2,3.1225e-17,20.216
0.11766,0,0,1,2,0.2,3.1225e-17,20.228
0.11766,0,0,1,2,0.2,3.1225e-17,20.239
0.11767,0,0,1,2,0.2,3.1225e-17,20.25
0.11767,0,0,1,2,0.2,3.1225e-17,20.262
0.11767,0,0,1,2,0.2,3.1225e-17,20.273
0.11767,0,0,1,2,0.2,3.1225e-17,20.285
0.11767,0,0,1,2,0.2,3.1225e-17,20.296
0.11767,0,0,1,2,0.2,3.1225e-17,20.3
0.11767,0,0,1,2,0.2,3.1225e-17,20.307
0.11768,0,0,1,2,0.2,3.1225e-17,20.319
0.11768,0,0,1,2,0.2,3.1225e-17,20.33
0.11768,0,0,1,2,0.2,3.1225e-17,20.341
0.11768,0,0,1,2,0.2,3.1225e-17,20.353
0.11768,0,0,1,2,0.2,3.1225e-17,20.364
0.11768,0,0,1,2,0.2,3.1225e-17,20.376
0.11769,0,0,1,2,0.2,3.1225e-17,20.387
0.11769,0,0,1,2,0.2,3.1225e-17,20.398
0.11769,0,0,1,2,0.2,3.1225e-17,20.4
0.11769,0,0,1,2,0.2,3.1225e-17,20.41
0.11769,0,0,1,2,0.2,3.1225e-17,20.421
0.11769,0,0,1,2,0.2,3.1225e-17,20.432
0.11769,0,0,1,2,0.2,3.1225e-17,20.444
0.11769,0,0,1,2,0.2,3.1225e-17,20.455
0.1177,0,0,1,2,0.2,3.1225e-17,20.467
0.1177,0,0,1,2,0.2,3.1225e-17,20.478
0.1177,0,0,1,2,0.2,3.1225e-17,20.489
0.1177,0,0,1,2,0.2,3.1225e-17,20.5
0.1177,0,0,1,2,0.2,3.1225e-17,20.501
0.1177,0,0,1,2,0.2,3.1225e-17,20.512
0.1177,0,0,1,2,0.2,3.1225e-17,20.523
0.1177,0,0,1,2,0.2,3.1225e-17,20.535
0.11771,0,0,1,2,0.2,3.1225e-17,20.546
0.11771,0,0,1,2,0.2,3.1225e-17,20.558
0.11771,0,0,1,2,0.2,3.1225e-17,20.569
0.11771,0,0,1,2,0.2,3.1225e-17,20.58
0.11771,0,0,1,2,0.2,3.1225e-17,20.592
0.11771,0,0,1,2,0.2,3.1225e-17,20.6
0.11771,0,0,1,2,0.2,3.1225e-17,20.603
0.11772,0,0,1,2,0.2,3.1225e-17,20.614
0.11772,0,0,1,2,0.2,3.1225e-17,20.626
0.11772,0,0,1,2,0.2,3.1225e-17,20.637
0.11772,0,0,1,2,0.2,3.1225e-17,20.649
0.11772,0,0,1,2,0.2,3.1225e-17,20.66
0.11772,0,0,1,2,0.2,3.1225e-17,20.671
0.11772,0,0,1,2,0.2,3.1225e-17,20.683
0.11772,0,0,1,2,0.2,3.1225e-17,20.694
0.11773,0,0,1,2,0.2,3.1225e-17,20.7
0.11773,0,0,1,2,0.2,3.1225e-17,20.705
0.11773,0,0,1,2,0.2,3.1225e-17,20.717
0.11773,0,0,1,2,0.2,3.1225e-17,20.728
0.11773,0,0,1,2,0.2,3.1225e-17,20.74
0.11773,0,0,1,2,0.2,3.1225e-17,20.751
0.11773,0,0,1,2,0.2,3.1225e-17,20.762
0.11773,0,0,1,2,0.2,3.1225e-17,20.774
0.11774,0,0,1,2,0.2,3.1225e-17,20.785
0.11774,0,0,1,2,0.2,3.1225e-17,20.796
0.11774,0,0,1,2,0.2,3.1225e-17,20.8
0.11774,0,0,1,2,0.2,3.1225e-17,20.808
0.11774,0,0,1,2,0.2,3.1225e-17,20.819
0.11774,0,0,1,2,0.2,3.1225e-17,20.831
0.11774,0,0,1,2,0.2,3.1225e-17,20.842
0.11774,0,0,1,2,0.2,3.1225e-17,20.853
0.11774,0,0,1,2,0.2,3.1225e-17,20.865
0.11775,0,0,1,2,0.2,3.1225e-17,20.876
0.11775,0,0,1,2,0.2,3.1225e-17,20.887
0.11775,0,0,1,2,0.2,3.1225e-17,20.899
0.11775,0,0,1,2,0.2,3.1225e-17,20.9
0.11775,0,0,1,2,0.2,3.1225e-17,20.91
0.11775,0,0,1,2,0.2,3.1225e-17,20.922
0.11775,0,0,1,2,0.2,3.1225e-17,20.933
0.11775,0,0,1,2,0.2,3.1225e-17,20.944
0.11775,0,0,1,2,0.2,3.1225e-17,20.956
0.11776,0,0,1,2,0.2,3.1225e-17,20.967
0.11776,0,0,1,2,0.2,3.1225e-17,20.978
0.11776,0,0,1,2,0.2,3.1225e-17,20.99
0.11776,0,0,1,2,0.2,3.1225e-17,21
0.11776,0,0,1,2,0.2,3.1225e-17,21.001
0.11776,0,0,1,2,0.2,3.1225e-17,21.013
0.11776,0,0,1,2,0.2,3.1225e-17,21.024
0.11776,0,0,1,2,0.2,3.1225e-17,21.035
0.11776,0,0,1,2,0.2,3.1225e-17,21.047
0.11777,0,0,1,2,0.2,3.1225e-17,21.058
0.11777,0,0,1,2,0.2,3.1225e-17,21.069
0.11777,0,0,1,2,0.2,3.1225e-17,21.081
0.11777,0,0,1,2,0.2,3.1225e-17,21.092
0.11777,0,0,1,2,0.2,3.1225e-17,21.1
0.11777,0,0,1,2,0.2,3.1225e-17,21.104
0.11777,0,0,1,2,0.2,3.1225e-17,21.115
0.11777,0,0,1,2,0.2,3.1225e-17,21.126
0.11777,0,0,1,2,0.2,3.1225e-17,21.138
0.11777,0,0,1,2,0.2,3.1225e-17,21.149
0.11778,0,0,1,2,0.2,3.1225e-17,21.16
0.11778,0,0,1,2,0.2,3.1225e-17,21.172
0.11778,0,0,1,2,0.2,3.1225e-17,21.183
0.11778,0,0,1,2,0.2,3.1225e-17,21.195
0.11778,0,0,1,2,0.2,3.1225e-17,21.2
0.11778,0,0,1,2,0.2,3.1225e-17,21.206
0.11778,0,0,1,2,0.2,3.1225e-17,21.217
0.11778,0,0,1,2,0.2,3.1225e-17,21.229
0.11778,0,0,1,2,0.2,3.1225e-17,21.24
0.11778,0,0,1,2,0.2,3.1225e-17,21.251
0.11779,0,0,1,2,0.2,3.1225e-17,21.263
0.11779,0,0,1,2,0.2,3.1225e-17,21.274
0.11779,0,0,1,2,0.2,3.1225e-17,21.286
0.11779,0,0,1,2,0.2,3.1225e-17,21.297
0.11779,0,0,1,2,0.2,3.1225e-17,21.3
0.11779,0,0,1,2,0.2,3.1225e-17,21.308
0.11779,0,0,1,2,0.2,3.1225e-17,21.32
0.11779,0,0,1,2,0.2,3.1225e-17,21.331
0.11779,0,0,1,2,0.2,3.1225e-17,21.342
0.11779,0,0,1,2,0.2,3.1225e-17,21.354
0.11779,0,0,1,2,0.2,3.1225e-17,21.365
0.1178,0,0,1,2,0.2,3.1225e-17,21.377
0.1178,0,0,1,2,0.2,3.1225e-17,21.388
0.1178,0,0,1,2,0.2,3.1225e-17,21.399
0.1178,0,0,1,2,0.2,3.1225e-17,21.4
0.1178,0,0,1,2,0.2,3.1225e-17,21.411
0.1178,0,0,1,2,0.2,3.1225e-17,21.422
0.1178,0,0,1,2,0.2,3.1225e-17,21.433
0.1178,0,0,1,2,0.2,3.1225e-17,21.445
0.1178,0,0,1,2,0.2,3.1225e-17,21.456
0.1178,0,0,1,2,0.2,3.1225e-17,21.468
0.1178,0,0,1,2,0.2,3.1225e-17,21.479
0.11781,0,0,1,2,0.2,3.1225e-17,21.49
0.11781,0,0,1,2,0.2,3.1225e-17,21.5
0.11781,0,0,1,2,0.2,3.1225e-17,21.502
0.11781,0,0,1,2,0.2,3.1225e-17,21.513
0.11781,0,0,1,2,0.2,3.1225e-17,21.524
0.11781,0,0,1,2,0.2,3.1225e-17,21.536
0.11781,0,0,1,2,0.2,3.1225e-17,21.547
0.11781,0,0,1,2,0.2,3.1225e-17,21.559
0.11781,0,0,1,2,0.2,3.1225e-17,21.57
0.11781,0,0,1,2,0.2,3.1225e-17,21.581
0.11781,0,0,1,2,0.2,3.1225e-17,21.593
0.11781,0,0,1,2,0.2,3.1225e-17,21.6
0.11782,0,0,1,2,0.2,3.1225e-17,21.604
0.11782,0,0,1,2,0.2,3.1225e-17,21.615
0.11782,0,0,1,2,0.2,3.1225e-17,21.627
0.11782,0,0,1,2,0.2,3.1225e-17,21.638
0.11782,0,0,1,2,0.2,3.1225e-17,21.65
0.11782,0,0,1,2,0.2,3.1225e-17,21.661
0.11782,0,0,1,2,0.2,3.1225e-17,21.672
0.11782,0,0,1,2,0.2,3.1225e-17,21.684
0.11782,0,0,1,2,0.2,3.1225e-17,21.695
0.11782,0,0,1,2,0.2,3.1225e-17,21.7
0.11782,0,0,1,2,0.2,3.1225e-17,21.706
0.11782,0,0,1,2,0.2,3.1225e-17,21.718
0.11783,0,0,1,2,0.2,3.1225e-17,21.729
0.11783,0,0,1,2,0.2,3.1225e-17,21.741
0.11783,0,0,1,2,0.2,3.1225e-17,21.752
0.11783,0,0,1,2,0.2,3.1225e-17,21.763
0.11783,0,0,1,2,0.2,3.1225e-17,21.775
0.11783,0,0,1,2,0.2,3.1225e-17,21.786
0.11783,0,0,1,2,0.2,3.1225e-17,21.798
0.11783,0,0,1,2,0.2,3.1225e-17,21.8
0.11783,0,0,1,2,0.2,3.1225e-17,21.809
0.11783,0,0,1,2,0.2,3.1225e-17,21.82
0.11783,0,0,1,2,0.2,3.1225e-17,21.832
0.11783,0,0,1,2,0.2,3.1225e-17,21.843
0.11783,0,0,1,2,0.2,3.1225e-17,21.854
0.11784,0,0,1,2,0.2,3.1225e-17,21.866
0.11784,0,0,1,2,0.2,3.1225e-17,21.877
0.11784,0,0,1,2,0.2,3.1225e-17,21.889
0.11784,0,0,1,2,0.2,3.1225e-17,21.9
0.11784,0,0,1,2,0.2,3.1225e-17,21.9
0.11784,0,0,1,2,0.2,3.1225e-17,21.911
0.11784,0,0,1,2,0.2,3.1225e-17,21.923
0.11784,0,0,1,2,0.2,3.1225e-17,21.934
0.11784,0,0,1,2,0.2,3.1225e-17,21.945
0.11784,0,0,1,2,0.2,3.1225e-17,21.957
0.11784,0,0,1,2,0.2,3.1225e-17,21.968
0.11784,0,0,1,2,0.2,3.1225e-17,21.98
0.11784,0,0,1,2,0.2,3.1225e-17,21.991
0.11784,0,0,1,2,0.2,3.1225e-17,22
0.11784,0,0,1,2,0.2,3.1225e-17,22.002
0.11785,0,0,1,2,0.2,3.1225e-17,22.014
0.11785,0,0,1,2,0.2,3.1225e-17,22.025
0.11785,0,0,1,2,0.2,3.1225e-17,22.036
0.11785,0,0,1,2,0.2,3.1225e-17,22.048
0.11785,0,0,1,2,0.2,3.1225e-17,22.059
0.11785,0,0,1,2,0.2,3.1225e-17,22.071
0.11785,0,0,1,2,0.2,3.1225e-17,22.082
0.11785,0,0,1,2,0.2,3.1225e-17,22.093
0.11785,0,0,1,2,0.2,3.1225e-17,22.1
0.11785,0,0,1,2,0.2,3.1225e-17,22.105
0.11785,0,0,1,2,0.2,3.1225e-17,22.116
0.11785,0,0,1,2,0.2,3.1225e-17,22.127
0.11785,0,0,1,2,0.2,3.1225e-17,22.139
0.11785,0,0,1,2,0.2,3.1225e-17,22.15
0.11786,0,0,1,2,0.2,3.1225e-17,22.162
0.11786,0,0,1,2,0.2,3.1225e-17,22.173
0.11786,0,0,1,2,0.2,3.1225e-17,22.184
0.11786,0,0,1,2,0.2,3.1225e-17,22.196
0.11786,0,0,1,2,0.2,3.1225e-17,22.2
0.11786,0,0,1,2,0.2,3.1225e-17,22.207
0.11786,0,0,1,2,0.2,3.1225e-17,22.218
0.11786,0,0,1,2,0.2,3.1225e-17,22.23
0.11786,0,0,1,2,0.2,3.1225e-17,22.241
0.11786,0,0,1,2,0.2,3.1225e-17,22.253
0.11786,0,0,1,2,0.2,3.1225e-17,22.264
0.11786,0,0,1,2,0.2,3.1225e-17,22.275
0.11786,0,0,1,2,0.2,3.1225e-17,22.287
0.11786,0,0,1,2,0.2,3.1225e-17,22.298
0.11786,0,0,1,2,0.2,3.1225e-17,22.3
0.11786,0,0,1,2,0.2,3.1225e-17,22.309
0.11786,0,0,1,2,0.2,3.1225e-17,22.321
0.11787,0,0,1,2,0.2,3.1225e-17,22.332
0.11787,0,0,1,2,0.2,3.1225e-17,22.344
0.11787,0,0,1,2,0.2,3.1225e-17,22.355
0.11787,0,0,1,2,0.2,3.1225e-17,22.366
0.11787,0,0,1,2,0.2,3.1225e-17,22.378
0.11787,0,0,1,2,0.2,3.1225e-17,22.389
0.11787,0,0,1,2,0.2,3.1225e-17,22.4
0.11787,0,0,1,2,0.2,3.1225e-17,22.4
0.11787,0,0,1,2,0.2,3.1225e-17,22.412
0.11787,0,0,1,2,0.2,3.1225e-17,22.423
0.11787,0,0,1,2,0.2,3.1225e-17,22.435
0.11787,0,0,1,2,0.2,3.1225e-17,22.446
0.11787,0,0,1,2,0.2,3.1225e-17,22.457
0.11787,0,0,1,2,0.2,3.1225e-17,22.469
0.11787,0,0,1,2,0.2,3.1225e-17,22.48
0.11787,0,0,1,2,0.2,3.1225e-17,22.492
0.11787,0,0,1,2,0.2,3.1225e-17,22.5
0.11788,0,0,1,2,0.2,3.1225e-17,22.503
0.11788,0,0,1,2,0.2,3.1225e-17,22.514
0.11788,0,0,1,2,0.2,3.1225e-17,22.526
0.11788,0,0,1,2,0.2,3.1225e-17,22.537
0.11788,0,0,1,2,0.2,3.1225e-17,22.548
0.11788,0,0,1,2,0.2,3.1225e-17,22.56
0.11788,0,0,1,2,0.2,3.1225e-17,22.571
0.11788,0,0,1,2,0.2,3.1225e-17,22.583
0.11788,0,0,1,2,0.2,3.1225e-17,22.594
0.11788,0,0,1,2,0.2,3.1225e-17,22.6
0.11788,0,0,1,2,0.2,3.1225e-17,22.605
0.11788,0,0,1,2,0.2,3.1225e-17,22.617
0.11788,0,0,1,2,0.2,3.1225e-17,22.628
0.11788,0,0,1,2,0.2,3.1225e-17,22.639
0.11788,0,0,1,2,0.2,3.1225e-17,22.651
0.11788,0,0,1,2,0.2,3.1225e-17,22.662
0.11788,0,0,1,2,0.2,3.1225e-17,22.674
0.11788,0,0,1,2,0.2,3.1225e-17,22.685
0.11789,0,0,1,2,0.2,3.1225e-17,22.696
0.11789,0,0,1,2,0.2,3.1225e-17,22.7
0.11789,0,0,1,2,0.2,3.1225e-17,22.708
0.11789,0,0,1,2,0.2,3.1225e-17,22.719
0.11789,0,0,1,2,0.2,3.1225e-17,22.73
0.11789,0,0,1,2,0.2,3.1225e-17,22.742
0.11789,0,0,1,2,0.2,3.1225e-17,22.753
0.11789,0,0,1,2,0.2,3.1225e-17,22.765
0.11789,0,0,1,2,0.2,3.1225e-17,22.776
0.11789,0,0,1,2,0.2,3.1225e-17,22.787
0.11789,0,0,1,2,0.2,3.1225e-17,22.799
0.11789,0,0,1,2,0.2,3.1225e-17,22.8
0.11789,0,0,1,2,0.2,3.1225e-17,22.81
0.11789,0,0,1,2,0.2,3.1225e-17,22.821
0.11789,0,0,1,2,0.2,3.1225e-17,22.833
0.11789,0,0,1,2,0.2,3.1225e-17,22.844
0.11789,0,0,1,2,0.2,3.1225e-17,22.856
0.11789,0,0,1,2,0.2,3.1225e-17,22.867
0.11789,0,0,1,2,0.2,3.1225e-17,22.878
0.11789,0,0,1,2,0.2,3.1225e-17,22.89
0.11789,0,0,1,2,0.2,3.1225e-17,22.9
0.11789,0,0,1,2,0.2,3.1225e-17,22.901
0.1179,0,0,1,2,0.2,3.1225e-17,22.912
0.1179,0,0,1,2,0.2,3.1225e-17,22.924
0.1179,0,0,1,2,0.2,3.1225e-17,22.935
0.1179,0,0,1,2,0.2,3.1225e-17,22.947
0.1179,0,0,1,2,0.2,3.1225e-17,22.958
0.1179,0,0,1,2,0.2,3.1225e-17,22.969
0.1179,0,0,1,2,0.2,3.1225e-17,22.981
0.1179,0,0,1,2,0.2,3.1225e-17,22.992
0.1179,0,0,1,2,0.2,3.1225e-17,23
0.1179,0,0,1,2,0.2,3.1225e-17,23.003
0.1179,0,0,1,2,0.2,3.1225e-17,23.015
0.1179,0,0,1,2,0.2,3.1225e-17,23.026
0.1179,0,0,1,2,0.2,3.1225e-17,23.038
0.1179,0,0,1,2,0.2,3.1225e-17,23.049
0.1179,0,0,1,2,0.2,3.1225e-17,23.06
0.1179,0,0,1,2,0.2,3.1225e-17,23.072
0.1179,0,0,1,2,0.2,3.1225e-17,23.083
0.1179,0,0,1,2,0.2,3.1225e-17,23.095
0.1179,0,0,1,2,0.2,3.1225e-17,23.1
0.1179,0,0,1,2,0.2,3.1225e-17,23.106
0.1179,0,0,1,2,0.2,3.1225e-17,23.117
0.1179,0,0,1,2,0.2,3.1225e-17,23.129
0.11791,0,0,1,2,0.2,3.1225e-17,23.14
0.11791,0,0,1,2,0.2,3.1225e-17,23.151
0.11791,0,0,1,2,0.2,3.1225e-17,23.163
0.11791,0,0,1,2,0.2,3.1225e-17,23.174
0.11791,0,0,1,2,0.2,3.1225e-17,23.186
0.11791,0,0,1,2,0.2,3.1225e-17,23.197
0.11791,0,0,1,2,0.2,3.1225e-17,23.2
0.11791,0,0,1,2,0.2,3.1225e-17,23.208
0.11791,0,0,1,2,0.2,3.1225e-17,23.22
0.11791,0,0,1,2,0.2,3.1225e-17,23.231
0.11791,0,0,1,2,0.2,3.1225e-17,23.242
0.11791,0,0,1,2,0.2,3.1225e-17,23.254
0.11791,0,0,1,2,0.2,3.1225e-17,23.265
0.11791,0,0,1,2,0.2,3.1225e-17,23.277
0.11791,0,0,1,2,0.2,3.1225e-17,23.288
0.11791,0,0,1,2,0.2,3.1225e-17,23.299
0.11791,0,0,1,2,0.2,3.1225e-17,23.3
0.11791,0,0,1,2,0.2,3.1225e-17,23.311
0.11791,0,0,1,2,0.2,3.1225e-17,23.322
0.11791,0,0,1,2,0.2,3.1225e-17,23.333
0.11791,0,0,1,2,0.2,3.1225e-17,23.345
0.11791,0,0,1,2,0.2,3.1225e-17,23.356
0.11791,0,0,1,2,0.2,3.1225e-17,23.368
0.11791,0,0,1,2,0.2,3.1225e-17,23.379
0.11791,0,0,1,2,0.2,3.1225e-17,23.39
0.11792,0,0,1,2,0.2,3.1225e-17,23.4
0.11792,0,0,1,2,0.2,3.1225e-17,23.402
0.11792,0,0,1,2,0.2,3.1225e-17,23.413
0.11792,0,0,1,2,0.2,3.1225e-17,23.424
0.11792,0,0,1,2,0.2,3.1225e-17,23.436
0.11792,0,0,1,2,0.2,3.1225e-17,23.447
0.11792,0,0,1,2,0.2,3.1225e-17,23.459
0.11792,0,0,1,2,0.2,3.1225e-17,23.47
0.11792,0,0,1,2,0.2,3.1225e-17,23.481
0.11792,0,0,1,2,0.2,3.1225e-17,23.493
0.11792,0,0,1,2,0.2,3.1225e-17,23.5
0.11792,0,0,1,2,0.2,3.1225e-17,23.504
0.11792,0,0,1,2,0.2,3.1225e-17,23.515
0.11792,0,0,1,2,0.2,3.1225e-17,23.527
0.11792,0,0,1,2,0.2,3.1225e-17,23.538
0.11792,0,0,1,2,0.2,3.1225e-17,23.55
0.11792,0,0,1,2,0.2,3.1225e-17,23.561
0.11792,0,0,1,2,0.2,3.1225e-17,23.572
0.11792,0,0,1,2,0.2,3.1225e-17,23.584
0.11792,0,0,1,2,0.2,3.1225e-17,23.595
0.11792,0,0,1,2,0.2,3.1225e-17,23.6
0.11792,0,0,1,2,0.2,3.1225e-17,23.606
0.11792,0,0,1,2,0.2,3.1225e-17,23.618
0.11792,0,0,1,2,0.2,3.1225e-17,23.629
0.11792,0,0,1,2,0.2,3.1225e-17,23.641
0.11792,0,0,1,2,0.2,3.1225e-17,23.652
0.11792,0,0,1,2,0.2,3.1225e-17,23.663
0.11792,0,0,1,2,0.2,3.1225e-17,23.675
0.11793,0,0,1,2,0.2,3.1225e-17,23.686
0.11793,0,0,1,2,0.2,3.1225e-17,23.697
0.11793,0,0,1,2,0.2,3.1225e-17,23.7
0.11793,0,0,1,2,0.2,3.1225e-17,23.709
0.11793,0,0,1,2,0.2,3.1225e-17,23.72
0.11793,0,0,1,2,0.2,3.1225e-17,23.732
0.11793,0,0,1,2,0.2,3.1225e-17,23.743
0.11793,0,0,1,2,0.2,3.1225e-17,23.754
0.11793,0,0,1,2,0.2,3.1225e-17,23.766
0.11793,0,0,1,2,0.2,3.1225e-17,23.777
0.11793,0,0,1,2,0.2,3.1225e-17,23.788
0.11793,0,0,1,2,0.2,3.1225e-17,23.8
0.11793,0,0,1,2,0.2,3.1225e-17,23.8
0.11793,0,0,1,2,0.2,3.1225e-17,23.811
0.11793,0,0,1,2,0.2,3.1225e-17,23.823
0.11793,0,0,1,2,0.2,3.1225e-17,23.834
0.11793,0,0,1,2,0.2,3.1225e-17,23.845
0.11793,0,0,1,2,0.2,3.1225e-17,23.857
0.11793,0,0,1,2,0.2,3.1225e-17,23.868
0.11793,0,0,1,2,0.2,3.1225e-17,23.879
0.11793,0,0,1,2,0.2,3.1225e-17,23.891
0.11793,0,0,1,2,0.2,3.1225e-17,23.9
0.11793,0,0,1,2,0.2,3.1225e-17,23.902
0.11793,0,0,1,2,0.2,3.1225e-17,23.914
0.11793,0,0,1,2,0.2,3.1225e-17,23.925
0.11793,0,0,1,2,0.2,3.1225e-17,23.936
0.11793,0,0,1,2,0.2,3.1225e-17,23.948
0.11793,0,0,1,2,0.2,3.1225e-17,23.959
0.11793,0,0,1,2,0.2,3.1225e-17,23.97
0.11793,0,0,1,2,0.2,3.1225e-17,23.982
0.11793,0,0,1,2,0.2,3.1225e-17,23.993
0.11793,0,0,1,2,0.2,3.1225e-17,24
0.11793,0,0,1,2,0.2,3.1225e-17,24.005
0.11793,0,0,1,2,0.2,3.1225e-17,24.016
0.11794,0,0,1,2,0.2,3.1225e-17,24.027
0.11794,0,0,1,2,0.2,3.1225e-17,24.039
0.11794,0,0,1,2,0.2,3.1225e-17,24.05
0.11794,0,0,1,2,0.2,3.1225e-17,24.061
0.11794,0,0,1,2,0.2,3.1225e-17,24.073
0.11794,0,0,1,2,0.2,3.1225e-17,24.084
0.11794,0,0,1,2,0.2,3.1225e-17,24.096
0.11794,0,0,1,2,0.2,3.1225e-17,24.1
0.11794,0,0,1,2,0.2,3.1225e-17,24.107
0.11794,0,0,1,2,0.2,3.1225e-17,24.118
0.11794,0,0,1,2,0.2,3.1225e-17,24.13
0.11794,0,0,1,2,0.2,3.1225e-17,24.141
0.11794,0,0,1,2,0.2,3.1225e-17,24.153
0.11794,0,0,1,2,0.2,3.1225e-17,24.164
0.11794,0,0,1,2,0.2,3.1225e-17,24.175
0.11794,0,0,1,2,0.2,3.1225e-17,24.187
0.11794,0,0,1,2,0.2,3.1225e-17,24.198
0.11794,0,0,1,2,0.2,3.1225e-17,24.2
0.11794,0,0,1,2,0.2,3.1225e-17,24.209
0.11794,0,0,1,2,0.2,3.1225e-17,24.221
0.11794,0,0,1,2,0.2,3.1225e-17,24.232
0.11794,0,0,1,2,0.2,3.1225e-17,24.244
0.11794,0,0,1,2,0.2,3.1225e-17,24.255
0.11794,0,0,1,2,0.2,3.1225e-17,24.266
0.11794,0,0,1,2,0.2,3.1225e-17,24.278
0.11794,0,0,1,2,0.2,3.1225e-17,24.289
0.11794,0,0,1,2,0.2,3.1225e-17,24.3
0.11794,0,0,1,2,0.2,3.1225e-17,24.3
0.11794,0,0,1,2,0.2,3.1225e-17,24.312
0.11794,0,0,1,2,0.2,3.1225e-17,24.323
0.11794,0,0,1,2,0.2,3.1225e-17,24.335
0.11794,0,0,1,2,0.2,3.1225e-17,24.346
0.11794,0,0,1,2,0.2,3.1225e-17,24.357
0.11794,0,0,1,2,0.2,3.1225e-17,24.369
0.11794,0,0,1,2,0.2,3.1225e-17,24.38
0.11794,0,0,1,2,0.2,3.1225e-17,24.391
0.11794,0,0,1,2,0.2,3.1225e-17,24.4
0.11794,0,0,1,2,0.2,3.1225e-17,24.403
0.11795,0,0,1,2,0.2,3.1225e-17,24.414
0.11795,0,0,1,2,0.2,3.1225e-17,24.426
0.11795,0,0,1,2,0.2,3.1225e-17,24.437
0.11795,0,0,1,2,0.2,3.1225e-17,24.448
0.11795,0,0,1,2,0.2,3.1225e-17,24.46
0.11795,0,0,1,2,0.2,3.1225e-17,24.471
0.11795,0,0,1,2,0.2,3.1225e-17,24.482
0.11795,0,0,1,2,0.2,3.1225e-17,24.494
0.11795,0,0,1,2,0.2,3.1225e-17,24.5
0.11795,0,0,1,2,0.2,3.1225e-17,24.505
0.11795,0,0,1,2,0.2,3.1225e-17,24.517
0.11795,0,0,1,2,0.2,3.1225e-17,24.528
0.11795,0,0,1,2,0.2,3.1225e-17,24.539
0.11795,0,0,1,2,0.2,3.1225e-17,24.551
0.11795,0,0,1,2,0.2,3.1225e-17,24.562
0.11795,0,0,1,2,0.2,3.1225e-17,24.573
0.11795,0,0,1,2,0.2,3.1225e-17,24.585
0.11795,0,0,1,2,0.2,3.1225e-17,24.596
0.11795,0,0,1,2,0.2,3.1225e-17,24.6
0.11795,0,0,1,2,0.2,3.1225e-17,24.608
0.11795,0,0,1,2,0.2,3.1225e-17,24.619
0.11795,0,0,1,2,0.2,3.1225e-17,24.63
0.11795,0,0,1,2,0.2,3.1225e-17,24.642
0.11795,0,0,1,2,0.2,3.1225e-17,24.653
0.11795,0,0,1,2,0.2,3.1225e-17,24.664
0.11795,0,0,1,2,0.2,3.1225e-17,24.676
0.11795,0,0,1,2,0.2,3.1225e-17,24.687
0.11795,0,0,1,2,0.2,3.1225e-17,24.699
0.11795,0,0,1,2,0.2,3.1225e-17,24.7
0.11795,0,0,1,2,0.2,3.1225e-17,24.71
0.11795,0,0,1,2,0.2,3.1225e-17,24.721
0.11795,0,0,1,2,0.2,3.1225e-17,24.733
0.11795,0,0,1,2,0.2,3.1225e-17,24.744
0.11795,0,0,1,2,0.2,3.1225e-17,24.755
0.11795,0,0,1,2,0.2,3.1225e-17,24.767
0.11795,0,0,1,2,0.2,3.1225e-17,24.778
0.11795,0,0,1,2,0.2,3.1225e-17,24.79
0.11795,0,0,1,2,0.2,3.1225e-17,24.8
0.11795,0,0,1,2,0.2,3.1225e-17,24.801
0.11795,0,0,1,2,0.2,3.1225e-17,24.812
0.11795,0,0,1,2,0.2,3.1225e-17,24.824
0.11795,0,0,1,2,0.2,3.1225e-17,24.835
0.11795,0,0,1,2,0.2,3.1225e-17,24.846
0.11795,0,0,1,2,0.2,3.1225e-17,24.858
0.11795,0,0,1,2,0.2,3.1225e-17,24.869
0.11796,0,0,1,2,0.2,3.1225e-17,24.881
0.11796,0,0,1,2,0.2,3.1225e-17,24.892
0.11796,0,0,1,2,0.2,3.1225e-17,24.9
0.11796,0,0,1,2,0.2,3.1225e-17,24.903
0.11796,0,0,1,2,0.2,3.1225e-17,24.915
0.11796,0,0,1,2,0.2,3.1225e-17,24.926
0.11796,0,0,1,2,0.2,3.1225e-17,24.937
0.11796,0,0,1,2,0.2,3.1225e-17,24.949
0.11796,0,0,1,2,0.2,3.1225e-17,24.96
0.11796,0,0,1,2,0.2,3.1225e-17,24.972
0.11796,0,0,1,2,0.2,3.1225e-17,24.983
0.11796,0,0,1,2,0.2,3.1225e-17,24.994
0.11796,0,0,1,2,0.2,3.1225e-17,25
